subject_id,gender,height_cm,weight_kg
AhfyGaD1BKo0-u6PeQk2oI-Bw5l0XxpAqNroFuZuy0I,female,160.0,92.4
E8tDQ5IgdBwbjLIXu7GwcupEHYbi0eB18YNcsgsSbP8,female,175.75,102.8
fkq68ww6bdyKT16FavI1x_G-u7YZ9SoT1GNMUTSJUek,female,161.6,93.0
7MvJ6pMSwyNUqLhEgn6cZlVZutLryVZVL9vZrfYBCr4,female,168.5,97.6
SDeiJFKVmRceC3qDqcpQTyDnNDOrSB2SriupQya166k,female,161.2,92.45
ovNyxkRrq34hkn8P45dbvUPCZg6t3Qb6Iphtrxeqd1Y,female,172.4,99.8
HYLKMpRR-ZZA0GvRtRs5stQ0mPS1AmH92glIqg1DLpo,female,158.7,90.6
kJbq4rY7KCtD0ik0QWdzgPTcAAt4SXHnOOMEstRxGQw,female,168.9,97.2
oenot-0aaDdOZghQnGD7HJUBTM0mLIfdHyxN_IsrTCU,female,166.1,95.3
P7Fj7Yam-B8N2UIU2PCCVq3wZNCVx43pbvCaLr6Jahk,female,171.5,98.5
8OXGiJTp2phyVALrYrdH0lvVu-3sEjUHY-TGGXvwHNg,female,156.5,88.3
VdIFFZDkEosz7ovVl1I36Bl1-5UQ86n3MrTNOn7bbYE,female,160.5,90.6
z8g60Y6KbwOUy4E9IISAHFzScXC51KTI7rzdiJ7bcek,female,154.0,86.2
y7hSR5UpX8vKoYm6nR5r0qusD8pl-sTK-O7owV0VIPM,female,163.9,92.5
WsV_q-4hgeDa4aT-Gelcn-TsU3zBZ4KIpk_aHZAG8aI,female,169.5,95.8
59bc275c681516389ccf4198,female,167.0,94.0
KkcKYV7B1vYaAU3rhnwuJURVMpt_DsVVfOjKhQWyIUY,female,162.1,90.6
MY3CwjtZZyuG5LA3zEnBVMp4G0PiQJo5xyLOZQ2OsO0,female,165.0,92.5
W81GbQDdBYQMT5l7mDPGD9UkM1szFi6brOnMm0QZT18,female,161.5,90.1
99p9fJq9dc9r49WjqJ6wJmYIh5NpRDNjjliIKhN2nFY,female,163.3,91.3
uAOOOjHPJ3RXlBmGW_om8GdJtFFic0Iz8IdGGMtit7w,female,156.6,86.0
fLxvU_dTtBOzidz7xh99ICzTaz4wuNFk0oLjCZ8HedA,female,155.6,85.2
QjI7V3xOO1AI6u5KD4WeyvLAaS_pr4ZsGG6xDhzHRpY,female,160.0,88.1
vP1Sh-jJNg7AjHabR7sf1WRlUEiFa-Gke4hTuQkzhmQ,female,162.0,89.3
-EujjqWPZ_L0NO_RqgxJ79mA23Tjj33cYAoFaysL4I0,female,154.1,83.7
FmgyxUyfXZdhV2BlpOlISUa68okBmPEVJi6Ny8eqygk,female,169.35,93.7
IiFA9usnpMOtdgyH3Hw-V13AzQoibMlu8lGGE61x3ng,female,158.65,86.2
zds1X5WYB1qKkZepOtxgzod7uPtX-dghjHUf5GGazOU,female,169.5,93.2
Ln93h-QpBiCetrCjogBLV0szB4r9JwHItcq7dAbq8Qw,female,154.5,82.9
59bc275d681516389ccf41e4,female,162.2,87.8
uS4Nlsd6VQjC_MbPDR76MiYZCfgKQsrZG_UwbKzH20A,female,172.0,94.1
59bc275c681516389ccf41a4,female,168.05,90.8
z0o7aFFYBEOC_-IjkRmJDhQhXZMvQnU-KGDfHH61XKc,female,164.3,88.2
72e6xpPgFKeAYYBN_LHxJRrZcwx9fD4-ixWA5ZZw9zs,female,158.65,84.35
JNvYCjFCVizUSPlVWEiT5RvXAV3AcfPFkpa01Y_3DMQ,female,173.0,93.6
59bc275d681516389ccf41f6,female,159.5,84.5
9Dd6Dz9YjZ4Ch6cyA4fFjjy4uY9HzV_CpAIbhDicJzc,female,157.5,82.9
by41W0nzxt4Gf5nAI9Z0Tn6nAkLxmqj1XMQ8thKuxHU,female,165.5,88.2
730fN81DLQtgxZ5K4FpOgJUOCAIgg9I1bVhmIXOQgmA,female,171.2,91.9
RtKCT7Vv4B2-hjY1uFTiLCA4OBe30BT7_rgFeDPrxq4,female,171.0,91.6
GZz1_lA8IKwVLSHb5fZCKDqucfDREPVT6ljopD4SUtY,female,155.1,80.9
7bFe7VxhOBSMEBgASPgM3QkOFW6-cFMHDHydK-nTdDU,female,165.65,87.95
59bc275d681516389ccf4220,female,176.0,94.8
Z-AaC65JmtFlUW8a_nGt5PiDBr-Z0WziwmuQMp0W03k,female,156.75,81.9
tyn9j47LY8cGgO8IP8uP1Vm5Fl6erJ8NlugiCYYaIps,female,165.75,87.75
OpsAHKwX0vH2qhmJul_yqJDkZ6aEfgL7JmQXapmG43k,female,164.5,86.8
JtJm2KmKqA6oCQqOJJKOflI2bLAHwcc6AsP8PmsTqfo,female,168.0,89.0
DAidIHQc5eh1Eo_4g2j6WhWGPXqGaWU050M3TAJKsOo,female,161.85,84.8
59bc275c681516389ccf41bc,female,173.7,92.6
cx7H9JmRginjnpfFsEmrbkaeORyIyI6HnIfHMHDqKKY,female,159.6,82.5
X3IgwE33Fglksdvp53AKTMnTL1txWK09MjhB-g_tOA8,female,171.0,89.9
9yDE38ljye2XhcQc38xggbv64HwXDSbDkh5bb3lMNkU,female,164.4,28.7
59bc2758681516389ccf4077,female,167.95,87.45
nZUlJ3oSfVH51kquU28D-F9NwL3UjnLsxtsY2y6qXts,female,164.5,84.9
ZfXnpj9JymrEXySC2mXmPwiAf6u_Vlmu260kJ2iI5Bc,female,155.5,78.8
uc-v1U8HMj6nz2aVav24MAHM1D6plrOqyrGqpU7EfTs,female,176.1,92.2
DDliBRlYFBCyG-UjlAVLiDG4nvRl8nodOUOtLxfu5Us,female,162.0,82.3
jj-ymAlKRw4gwssTUjghlxgUc4OSZPQuaAgrGKJGcQA,female,168.0,86.3
oWFBFFV2dtIyJFBBpNkjkPQ5nQBChrUWbW6wxMrxYWE,female,158.7,79.9
0wvZ5ZeHgraG0oQGr38yR75PmIG9-hXYnUWW0uJqWtE,female,165.0,84.0
WvGQBBNpSe532EEM3AMJdoxUoTyST19JL_SBR2urNRk,female,163.5,82.9
P2napCkrkVITcwLhUfdanIOl4ysctsqjd_4DRNa4dus,female,165.0,83.8
GbOk4JbzF5zpkg24rqvg_gA8BAMUKFen4zBSFPCcQVs,female,176.5,91.4
78aFkOzy-pjbj9lmsp4uyrbotokRlchqTKpxs3K6npU,female,172.2,88.1
LqwmZFz9Zs0XAy0zY8sJEZuwuRFvikqWWqAZangX8fw,female,167.0,84.4
0rGJdyxMb1htbhTkMtbdeGGj8aPapDY8PlclNf3Ofy0,female,160.9,80.15
4gXQA7YvC9wjEAkjxtjYg_1zS4JZ6WaJLbs3nQKKfnY,female,161.1,80.1
s_KuB0FTrJowaJCSsCAvl-4zKP_oPTv3VjKQlyXI1z4,female,162.4,80.95
gFblhzof-gC7PAXXnQ-foacnYnSX9YdOYVOS3h2Anwo,female,161.5,80.1
59bc2764681516389ccf449b,female,168.15,84.5
3ksASfe4f_APd1tLxccDtth3VbpJ9SgIcz5vPw7Y1os,female,165.5,82.7
NTmudVTq3KXZsMxKbzh7FZ_Cwidx_LNAFffrMFwhizk,female,147.5,73.8
59bc275b681516389ccf4111,female,146.2,73.7
W2KMv_S0_4Hsm2X-rx_6MSBFcpHEivib5C4E4eOnBzY,female,165.0,82.1
-CQBOT5zSJk5ZYlZ4cgBP2x4lzzLLdPC6sIbhUHYddI,female,158.0,77.4
QN6awL28K1oOGTfvrs6JaebgAll0DiBRUmVZiVuZx2k,female,160.0,78.5
4d_X7JZm0gneZC8ffiFtMDo1I7gKKmN0V0ER7YrB8pI,female,160.0,78.1
BIgqCAZI0sAs9l6VoYb7f5DEalgi2C2UbnCcl6iXX0U,female,162.0,79.4
Bwo4aB1FVh_V5rDzT7D64XUtIYW0ZjOAy6k67FYdICY,female,164.4,80.9
59bc2762681516389ccf440f,female,161.5,78.95
59bc275e681516389ccf424f,female,175.0,87.8
UQ2GM1XaDd8CXhISjirrgITujA48e9-JNBkpT5crPkM,female,165.75,81.35
jZ_TZuGXQhSV1FrFbgIjHBb-F2ze5pZQTjaO46_PZDI,female,161.5,78.5
VdlO5OvevKp6LkWjHyDKuTOZ2LTdcB0a8yigC5evDjA,female,177.5,89.1
9M8tILHpx5CTackWNzCIbIj0IJjBSpN7nG0btn5QAoc,female,162.0,78.7
UAE7Hyh70ooJw9sM-KQdlQNz7alojnEAxsOlpFU-UcU,female,162.0,78.5
7ZYlxTERmHBIDp2DG-eUiSEMowbgMvn47rv5cU-lKMs,female,163.5,79.5
WQCNmdegEjLJopGh4wnLhlB59ODC54Nioo42UEKXxSY,female,158.65,76.2
WI1vl-ZFYxHye2KnzTcSJtBF-i2LXmzx5-qrdr8NSsY,female,180.5,90.8
NeyszvHjJ3aJ--cxUOQR12-MFqZA82Uityzo5zWJNRM,female,167.0,35.8
oz15nKHCHoQdBfn6TI7s2hgG__qe6NVVjwNYEKf8uLU,female,153.9,72.9
IsQFJLfyQDwpkDNLiJ6IBIwizzxKW3YAzl_4qgPap3M,female,165.0,80.2
uicBrPyYRi1_A7BeIUg6-tDnn2xFKcLQ1QNKXW341-M,female,165.0,79.9
C2_TbTQS8mt1iDuch-2UdIl07Aw7vZ9jqRFmU-5u0Ns,female,164.3,79.3
qep3n84aaCKasBgO2BeR31QM8ZpVgzLqezLOAO_k3tU,female,173.8,85.5
59bc276b681516389ccf4751,female,164.0,78.9
ZG-ukcsU--7WfpbWk9E54gMvxvEt0zSUy_EQB3Lsivk,female,156.55,73.9
VN8XgNOE24ghLuTPTSjPZfsE2oAJaUvwNmHUCehe7EY,female,164.0,78.6
59bc2764681516389ccf44e2,female,165.4,79.4
nICeaDBtO_qgPeDvXMpKKieTd16GzfPSMb50AhP5828,female,164.2,78.3
rbqXSO8r3ptq7WprPA1JX6__MhYsUVsfts58LQjoBfk,female,158.0,74.1
w4QLak14sViFntYhExx0tM4wy1u7Gp2VWqSbHOgO_Zc,female,174.0,84.6
OSK2OpdvdiHXzX-5IyZVXyqrqIC4TbkGTeUWo2A55jY,female,184.5,91.6
hHL5Lxcqd34jCxO2g45S16J3J9dqVWxJmM5B0HEmULE,female,164.2,78.0
0qRH3UAnRSlRrPNxpd94zBYVRZViXIJ98JiQOkF9TOY,female,161.0,75.6
pdXpp5PYFQJ7GLK53JO7ASvIMtofhcr8LJNqMCS4YWo,female,166.0,78.8
Tmr6CYfbPz6eFTe9n_GhgP1TyZ9sCQryAXkgPFrO1J8,female,156.2,72.2
2XxoxDTOvtuoTIbSfRRHmzG621PArvFXEGQw7eLhTKA,female,158.0,73.4
q8H1M2ZEMD0L5qVG6bYCYULEM9nJ1AnGfSwVD3ZHqzY,female,155.55,71.45
bj-RhGWY5BnTcaxjvNYJlI6BlEvTlAdZs91pmyQSn4I,female,172.0,82.1
tnzCZ2q_Aej8gIWj11YPJLlkCDOEqmDvuLwqyliQL4A,female,179.5,87.1
MjymGihCG7nyeic8DITCiZw4B1jxJ3mfz7RoNe_CpRA,female,162.85,75.95
v3PCZT6uKPNea1CY7sdEt32T9eMiuouaGXUx1nwp134,female,166.6,78.3
ZU6-LyN0O-VeCvbPNyuqqO-FrAolF1beJ0mq5F-Xzq0,female,151.75,68.75
NHYTWvYxeqGl68vqemGdwryhfk8YKDAAT6yHGpcYTMU,female,161.0,74.5
_ZbrvhysbFi2QhwTKJwqtb3t3zwDDiMYC01HicsFUWU,female,163.0,75.7
EApSPjEmc7qb4yp3y2p50Xiv6LaNsRds8TwVXx8h_6o,female,162.0,75.0
SGYSr86YAIQ-rG6imvNMUUDbP-rLA3m8pglajFBEf7o,female,174.25,83.1
3k47JvUqGCbFaJgJEhEiAhXxa5O1yS1Ms0w94x02iI4,female,164.4,76.5
f2UZJQyHw_NOKUw53m3X4NjIFZRCHcWTZ5MQZwdgCQ4,female,168.0,78.9
L8AV1kOMRp33zMsQyVZeFe95-Hl09uh5wFdYt4BRDZk,female,159.5,73.2
pgzn5uA5mmZ0azyffDXXtJb5jnJMN_NeZL3kbGoCnvw,female,157.3,71.6
ahM-DNugLEwCHl26HWvwVtvrNnBKnV_YqWeKXVgOVpo,female,147.0,68.3
Nd9tQGPzZWHmXztXwfqP_CNNVoQ5a-YgEhcOnNMObTQ,female,163.5,75.6
CM-k2sWlxOSS_H9bXQ268_o8gAVOdk6nsVPBJyWO8rM,female,149.6,68.1
-cVyBck9teEIqY0XFjfj5XuSX-RPHG8mWNFEaP5wDWE,female,156.0,70.5
8OKqZDzQXThKc8E4ithqthMcYG2HxoGCezI_x1gLif8,female,162.6,74.9
meW7irc04rTSjma1qnGWxm0czU9rn_s-d2g8j1DczZE,female,169.0,78.9
enOqRteWy9sBYoAJJFatZC4hglVw_YtG_wRJ_lfJp18,female,161.6,73.8
8PK-JTZ7W6YcmAysOpC6gylBq-f4mjEOjxG0eDEjonk,female,159.0,71.7
x1f2s_UJaYPGwtUbwUWwA_KRu6TkqUbomKd-l04lF2M,female,162.5,74.0
2xxiZFm5qMJAVTRt3PwYFITQtRxLUHetHmjN_qp4D_Y,female,156.5,69.9
c2B5JStYPEIlJ2AETYXBTXjztLgcpF1YZXsbwBJ1fuw,female,171.4,79.75
YdgaL6W4QcBWv68YQvn23Gf_BRFXHfgIhuabwIVr6fE,female,167.0,76.7
95QV4fp-kUUuyLGld-fsc9qz-gsgCyECvI6vSzZiqoM,female,156.3,69.5
59bc2764681516389ccf44c2,female,152.0,66.8
YzN7_E2tbgGxlrCU1ZDHJw9ylm4CpIRPmr2cyPHkl6o,female,157.5,70.2
QLWl4hAxVhedj3BGM7HyF5my3GJnKsXc51wfIX553Qs,female,174.25,81.4
_K5muTPRIwizO66b3dVSwsue_HMFWKRbct0hGMlBfHU,female,165.2,75.3
ovnBSPqpMWFe7XvT7u5nWpfi6FqnMUN45JfWEPw5ieY,female,149.3,66.7
gUk_2kICkEADy9i8itZo5qQ5UaACL4vcexkA8s-cnzM,female,177.3,83.3
HJgSywNiNKZPY048xDEr1Y5tGGATF6u-XsTas7G4AkM,female,159.8,71.5
qc3FfHbr8eUQpyG0rmJ-RY_9IBS_Y5HiPO6S5hmvdIY,female,158.5,70.5
wwRfbgJAoL-ClUneDMns80rl281NIQN8Vbg9gKbz68w,female,155.75,68.6
QCS_XzowNPVZ6LaRgVS6VUwPbRWnZ8G6G8Jy4ABnbFs,female,155.4,68.3
sbQvj1s6jkDVhXgQ-r25lf6vvSl0TrHiz6OjVrWpd9g,female,175.0,81.4
3sB6D9ahz7CjOisVrAIJNqpEfD1lfw0Rb8mSijk1xc8,female,164.7,74.5
-c_G-UGrzClrDaGeYF9dAts4LHTS7ucdaBFDpn_sOE0,female,172.5,79.7
vHjdwaRY5naOAXKux5fSUNFfUgRqIqfRUXY8v35nVaU,female,165.3,74.7
59bc2765681516389ccf4510,female,154.9,67.5
iVZJ9LLOQ63cM0IDdxu91zkaTJ0XhUPfIvP6pWpttcA,female,166.5,75.2
1URL293v7fRtwuqARugrJik3jCDPz73GZIcPzdhd56A,female,161.85,72.05
ERgXhIP8ECRfbjznIweOW0N1ebpTx-AcczTw2U1joqM,female,159.6,70.5
YmnKabDNETBQrZXEQj_XU089YldxO-iwR9fNSCDU9Ig,female,160.0,70.7
i5alF92czhmefg8Huuwf-PVqyc2K0YNqgyQNP4sKMPs,female,173.5,79.7
k1ak5kJA8W_T3qmJJva8VQBsV4oCHmWFj_uaxq9zE9I,female,159.8,70.4
CCHsOEZmSYbVoB3ecu47M09hpz0wKo9-Pm2qTUlzAJA,female,157.4,68.7
k5LWbctDJYS1eaO_DTHL0-AZhtik4Xcs13GYVAXpj5s,female,159.0,69.7
_VOMJJoBpojhwpaLYWGDP6-nJ7byGx6ESNSn1vh_Xyk,female,164.75,73.4
HIVFr4flHT5mIj9iFPzrQHaYMNLObgz2cUmp3hd8Re4,female,162.5,71.5
os8rca5LifuemvkzoB9-axuU67-vtctY_IUwtoC3oQY,female,175.85,80.4
WnZKFDS9gUiYrJqouYB06J9iuJMktVcAU08SLCFahuQ,female,160.6,70.1
uXi436Vjox-vnD9lTjC-PjqqrwtRzTOmhLa4bhkuljg,female,169.7,76.1
kudcSOvAnm6tS_fEp0t7nRXTS4beirgkhdIMB6YNHSo,female,164.7,72.75
U9zvsIGhLB99ZZ54-NosYTTsxb9HOdvgcAIR9Hd0Pxg,female,172.5,77.9
epRvNO5VxduN0Jq6Rmz08wIpJyFizXVYOM-7tFJTGOU,female,157.3,67.6
9d25hpzM5Sy8yAUwZGwrN9NhmV1ZZjI_2YxfvF4A8YQ,female,152.4,64.3
___N-yQ2K98VMoiVyAIsDEB-mM-r-eIaMuX0ihKxeyo,female,165.9,73.3
59bc2770681516389ccf494c,female,166.05,73.4
uhpH2ejZMnSrQig1lYQYnAR1oADqLRP4gk1gxc7uUVg,female,164.8,72.5
1EDRp_apkqyIjHTghIXLzqX30_MDFtPqhAYeUyF2tL4,female,161.0,69.9
asvnnWHmuQD7uWcz24d8iuATkuH7HrdUgv9un6xmb8M,female,163.9,71.8
5a1c3bd3e7cb79000482763c,female,174.1,78.6
croSqECZMhZcVQsRyX4yRDtyImfD-P7uDuvbaNo08hE,female,171.4,76.6
jHGOnglb7tVQ1lpD405w8reX2c_i8g927RPa5t3dJgA,female,166.5,73.2
5jRtkerX_S4OdzjiEwlCW0fFR9v7AclSRaXaHJLKEiM,female,156.1,66.2
59bc276c681516389ccf47c9,female,161.4,69.7
WxgF-VrsRPvUJAT1Zf4iKHupnntfcecT7lRCbzNWw3Q,female,178.0,80.8
8_NeFeMY4mHqhfRnmfSscbTTByzF7e5kO78ewuBIvtg,female,171.0,76.1
yNUzyGgE8w454leAPUJyfK-QivWU01bhmGRzYivMA_0,female,161.5,69.7
77csKdLCSitYlRyQ52C9fvGmti-1sM6a_BiioTn20n0,female,172.0,76.7
AQaWg3TKMsHldi2NRDqm2W6mtwmAyo-MNKnIYVt9Cjw,female,158.9,38.8
M4CDQ5dw5yfMbxuejEOqxuSzEnV459VW5flcUAFQg2Q,female,156.4,66.2
iFpd5co3UXPjUAe6mbPsoFh9aAhq2rYS3p58myDMEPQ,female,152.75,63.75
szjnIheGm31ZBT1qQVdtNiD8j9DEbpXX49lUJGGoy70,female,155.0,65.1
YNozXLwjPy9Sdb5-zMK9U5XVCoQWjPM-HJT-pJAVCjM,female,164.5,71.4
VbArPJgfiazy--dHRifBZpNMtFsJ4sL_Yb5YGRMn70E,female,152.6,63.4
jZSnwhgdKrST_LKPrB_mkjQ15fZqihhPOuMmXtQPGlM,female,186.4,85.7
YvYK1i7nQjZwJgogdWxaua_UVKjXRw5cEpR12I3i3XQ,female,159.0,67.3
59bc274f681516389ccf3d08,female,163.5,70.3
22ECz4XgvzzUy8vVo-peN9oEhJiOqZo3QwBBuIpNyqU,female,164.1,70.7
59bc2763681516389ccf447a,female,160.3,68.15
cegx8Fn3pezIoR4wbP37mAbFvOYTTx4kZrcNnq73cDM,female,158.0,66.6
kFQWHdudWw32Mboxwem7R_l1Ac7AfRDq8lXvnYA85hM,female,159.5,67.6
I_t_iHa3Pb9mihi3932MMvmki-Gs31ZOj0CiKO-Dw-Y,female,165.5,71.6
Vf7Yx7KhVWQ4JpCSpF5g5eBpDiVa3guZqMhUyzJfvnA,female,160.5,68.2
7on0Aq8zXDK44F64ewSKeu7qCBgj0BNwUKgIl7UlD6I,female,157.9,66.4
me6W9DDi6oFf_-XnSWBG6DodoIp9UmCyc4sX73d9NUk,female,157.0,65.7
_UYFK5WvPa-P2sVlG6NW-1Y2qvu3qWvmiJerfsvEcuQ,female,167.2,72.5
d-D6hRvXeP68ivQLxyl4KmYSzEyzUS5qcqsxrfwl_4M,female,173.2,76.5
aLu6gFXmE9MOBg_BCBJk3IrcDewI4c1P2Nzs5jCcxHk,female,158.9,66.9
6DygBssi3bh-0jbhhfaeZGOZwojzTtHGQW4mray-UaA,female,155.5,64.6
bKG2xwP1AuFbvdV60lDpmzX4eLm3aqfkBXsNxXa5pvY,female,168.65,73.35
un8lHY8pzv7e8SOSo44QLNdPD_PcMp_hHnBEvkCNALg,female,168.4,73.15
_Zl7SW6NXxa8ZF6BALiIQsWPGrAHlI7HP-jlNJJgMDs,female,183.5,83.2
QeM2XorlxNq4QlazMs-7rhh0gSmxLTaOiQHR6S0dxxA,female,168.0,72.7
AVuZ9mUs33ut1kxRBTAy5aqL5sjjBnIieerhQKSVEN4,female,162.5,69.0
IobbStbutxAR7KpE4p6lisXd64G60dx3H9W1Wa4_8I0,female,162.6,69.0
ltfgjZ159mAtD6e8s-nXozz-iUWaVDJ0WrHt8ogs4aM,female,158.0,65.9
ZiMMtSacpQgQIoioAnwWWaVRYuiFo1DJmxIHJNzHTow,female,162.5,68.9
VcmahEYVpQrUE-nues0J-16TIGPVG1bCIpDG8YOLRSI,female,157.3,65.3
kgpXTC6Xsq50_lio5aem8f1QeSKqK_A9n0inA-1A8B0,female,169.8,73.6
18UYtlOrWXTtl9rdyTZn15jBQQas9SHzofFmCJwC3Xw,female,159.0,66.3
THEwqU40js1n9THdzHKyVX6jgnrohfzOOWqALF-UYFA,female,159.75,66.8
Oou9zXqnLOriTu0LP3ndMcnjJTQb2i5674RjAxO-t7I,female,153.5,62.6
-sHYg3xM3uHrzxlrZ2to6JCRvfCROFtdR8BoEarbu0Y,female,175.4,77.2
AWTr9jz168GTtnjbrdysCTk07lCDRKt7xoyPExsYJbk,female,160.75,67.35
C4lhsTVb9LE9gZst01WWtbVCB6yRT6AIZlzghAXpFaQ,female,155.0,63.5
YyjnHZS606s2dZorhsH75c7VXJCLRZj-cB-4GLn9X90,female,165.2,70.3
1wP6j4QiFLHGuLAm_s4df3xbuRn7c6TAX_N415huzDg,female,175.0,76.85
loDW8BPQvxL-u20OmdRtorKTBUD3qagDBzTDsJvnZTs,female,169.4,73.0
tb08T2fxSToJ6i-7Xh8ezs1aDkWoYFOOSqqI7AVSUQU,female,146.2,61.6
GUs7AZWemh8euI1tdR7BnHQ3M_zQO-TpuTXgcj2YENY,female,165.5,70.3
no9mEnb8NFxLiMBVByg8fUEehgDTcxNt4M7NPIi_gVw,female,166.55,70.9
WpGCuir1SZ-mwFiDAsTdaB-71ihtRn5pHJ3Xt9Iifi4,female,168.9,72.4
FtkKahQT8PBxplm9wrVH-dSoQTvozlx_jTfWxbcWQnA,female,172.0,74.4
olebiZEFHBIYnjmdGYj2D11Xweg7woG3LoXZ3xeSfIA,female,164.4,69.3
WfEyscr3BgX5veF7fb5Mj0lfu6YSDsZGL3GwPMuVyQw,female,153.0,61.6
CPLbY6ZD-pyFOqduSW9IFPmHCFn5PSATTg3653t9Dbw,female,169.5,72.6
_LTk-GvAMkoOAvMETPr_kc7Yn_IwlKCobBCXFW3NxSo,female,158.0,64.9
H5bknoN0C0lLje6-NMuSk0boQrWDmbQjhK9OdFBs65c,female,150.0,61.15
8Q7D5dDdthAM7BK240hEoUVK5Pt2vt4sAYCjNn3e5i8,female,157.0,64.2
qO2JJJ3Ee8e_vihSLCUd_lLPfQfBkBsw3tFVMmy94MI,female,162.4,67.8
E7nVTJrt4u_NE0ng5HgEB-JnAxOzuZvzYqwUfliS1Yk,female,159.0,65.5
w76W76Ab73IGN31Vw6kDRj-8VR_KOJsTO-UW1jFFRZM,female,163.7,68.6
OAbrCqaAW3pJE5CZ4IQFZbVuacN5J6rhE7eBJqme8HA,female,172.0,74.1
MRRpwL1LnxGuSlgB75qZkvbiwBOg7an478NWRRJhFZg,female,164.6,69.1
lYIW_RGcYd5D7RCfzAn0ZadwEJnbSCD8p-_uq8W4-8Q,female,164.4,68.9
bzAAtfEYTvcUwHDx_a0yjF5OQfTSli80mnRsIYujCns,female,161.0,66.6
9XOBx08BW9pET4ZXxgXqQtDDuEo5bdVjbEiOOJqJ4_A,female,163.0,67.9
LhpKk8JN769XdQ3ri6vIcmu9Uu2zEIgxyqbrDnHLQD4,female,159.1,65.2
8lrTWVmtwtJGPW_DSzp4TFHjNcFRAs7IJczSOvygXpI,female,156.0,63.1
GcZhyDSNbtxmLBhHArlnq9FFr5ZheFVWdHOuOCSmcEQ,female,151.1,60.6
B_HmsIJRHhy2Nz0cI3egjmWuu1BAEsxE__E_yjjxaXg,female,180.2,79.2
F62bkPo2vAFFkdRq_QK_2Vez9YTohUvOij_OAnI7Ysk,female,161.5,66.6
Wd8nygvDtDRTxX3Jom1rKIp_h31fMc-Yo7UueR_elsk,female,163.0,67.6
p9UBBzONdLw1-ebQJIVkn4mDOHLN0qQx1RnWnqksvu4,female,164.5,68.6
ylydQRqBfuQBAQhD2gWLuWSASwd-yNHmeB7ptrhMz5k,female,161.25,66.4
-ENkfo777FGDxVRXMHmkujRtZle23u0_smgNc2pQuUY,female,162.0,66.9
C_1f3G-Fy_rRM0SHkTaT_pe2C-1nph4BWwNGS3MueH4,female,173.0,74.15
alqJXcX3mknvjkZRqUwW2rl3GtU0acNIHRLdJ5HpROg,female,157.6,41.2
LIZFonGXPE6zHm2vvXFEn-7NojsZnLo5XQxnYr1eG9c,female,179.1,78.1
R2dKfCDJQHFZH_8b0YP1p0k_uYowFNx37BmijYalB7M,female,154.0,61.3
Ivrs8ftoE3vUVDxW8ck98It03rOa_Dv5WI2KKizXFVs,female,157.0,63.2
rqtGE9A1rD3A4SmA9Yqwi30ipbXcpspJpBDoRyiBUR0,female,170.5,72.2
akyAS_GhX2cXENx2vaAIO6YpIbz0uleQzFh63PFBN58,female,168.5,48.7
Jl7P3QEvzUYthLKj4GKVLYxq4aeEPTe7gpr9L9XksqI,female,156.5,62.7
q68ers8KpX1SPgX0jbGF-cK0SOLGfikQ_tJlyhVGO_Y,female,154.0,61.0
GpkhlpuszLjuM1kxQYLm1dTntansHENN0m19dOGMrZE,female,158.2,63.8
3IuFMuxOGgrsnMzvxLln5FuovY0dDmgrEjYVS478NbI,female,170.5,72.0
59bc276a681516389ccf4711,female,166.1,69.0
kyz1oqvKhlrRuTU_bXVI1qgTBQkB6FqPDJLRCm7WysU,female,184.2,81.1
cpO6yRB1L2n-PLWT8a8Dlx1fTqWZw-KVtRFn1lkoYHk,female,152.0,59.7
UZdY-KuWhdK1t0H-PbopQu2nhsyPOPXHt70KLbsf5P4,female,163.5,67.0
UWASPgFJuSCTGcnhDbYA1z5msuGUFK9E6KGdBVxT4yw,female,155.0,61.2
XAzH8SCVMskROSgnRfbBEfk7xKkGQAnoauOQ1QfPFYg,female,158.0,63.2
g6Hmr85PdUW_mFEj4Z6MvlTH6rz548RNd8KDtX7k0hY,female,163.0,66.5
59bc2765681516389ccf4523,female,162.1,65.8
M6VgD6r_83GpclmUFF5AvByf2g0vZHHJ4KibcKPUz4o,female,167.1,69.1
M1muFKjSI5wj9-wBh5LrgBgLuujJ0hpuesndt7O2Xf0,female,168.1,69.75
5gfj-28LyuYgH-n7VKAyoMTnOYZMpyrEX4-r7kMpPUo,female,161.5,65.3
TJjX3J-3iPEpXzXvRTGzscpZesSkq8B20bxBlVHSY-0,female,178.0,56.0
BNldbDpAydeJs9HMe4pjl5PF65x7iRBWOhN8P6lTKpg,female,163.5,46.3
R2oQsZsj0aVNB5JF8rS1AwZranVfJ3b5YWVVZ1etG7A,female,162.5,65.8
59bc276f681516389ccf4892,female,163.85,66.7
hi6qlhy777TGbwo57JVAK1IwxCpuku2Ks7x4qbVzvUM,female,157.0,62.1
r51xiWOSHi5mURV_03yspWiI8q1wvlXqwlVn88NNcb0,female,171.0,71.4
C0rmfpGsQBjErdJrkM-Y1_LWHu1K4s0L10e3BfcR66c,female,165.25,67.5
YwW6NRscPkhUEJcdRaXcc4IPtxUnWRvbayE_BzLpBZc,female,168.25,69.45
B1EmAqa-3fmzu1QK7URXNIRTDCHrCquueFZNV7V5MHY,female,151.0,58.8
UmHgIHN4PrnkAQWznf9jPexwHD8dDbfWe28wIuSDECM,female,165.7,67.7
YSj1PU4BApztzlYwlSH_C6pUGl1ZqLjjbvu8rUJpp-8,female,168.5,69.5
lWosDwk9v0WlDhLh-pvR_9YLzzzL9T3SmzEIt54NWpg,female,167.2,49.2
moSoucNK9FIMD5_Tg6E9GIyDO-hh_E7PZOgFMRoOu1w,female,164.5,66.8
2eAFDpd5_d9dDkD8Wufm0nmGIXv5zqtQIWLWQ5P4M6c,female,165.4,67.4
ZcCzgdDKMPR4oPr0c5GUXYe6fnzYwdUuEMNpbY5dMzc,female,171.25,71.2
DNDgaE6BmUFno7fz7Lv2jHwHZ7Za8QFpLVa0hgdtcxk,female,166.5,68.0
oSmR2EI7gSPSK6CMthxoVUFU3BJ93YaAMVnCF4EmSz8,female,156.15,61.05
qZ7bhYR_ffKpcpSwBqoIIKCnWKb1wcGqnJaP-iBdGIY,female,172.0,71.6
Q7mU0hXmoLdyNJep0JFlulz3lLODrEnGPuKc8TMdcx0,female,163.5,65.9
vMhSzosefiIYlQfyz1333UaP8cQszXJlLOgMkb5EEwA,female,168.0,68.9
uk-CtxwNfL2uxYjW-QCuXNC66fHWCTOCB8AmchLLHZk,female,159.2,63.0
9qVCJoXCAJwZaC9u5-kXG26GlA3JmoMw92Rp5oiVEg4,female,153.6,59.2
3LtoBREo0oJ058FPutEgX3dYNGp3wm5eiTGKD3Nc-Js,female,176.5,74.5
7tXOo2zQVaooe8RHfl4Db8bshORuWkeNqa-z90Ou4lc,female,165.5,48.4
aKKwnxgz6__q6Gsnu5h10ZMvUieiKrZxPbNZI2Cqlvs,female,155.5,60.4
hW2nKkigYEBoUOo14i3BHifQZLX6rw35VSPoWZxPNN4,female,162.0,64.6
1iNLc9Y7A66Ulg98SZyMiKgeyOdmugfXlmXEYSMa7iI,female,169.25,69.45
s54yIZNewRa3lzGAm5m3geWsbCp6MKlTEJ-t5WEeY8k,female,169.0,69.2
bXNDG5yJPPqTKSoMPxTrhFaT_slKtuG76Sdd4dNxySg,female,155.0,59.8
CkenlGnzhHhAweaBpkT1av5IZItgFBk2k05QPYSLXu8,female,168.5,68.8
SeU7Oa1_lbmjnPf7Ia-FHrIGFRH9rMXzK6XlsB8wg6I,female,154.5,59.4
W-RQY1z606QE2NMPkSyI5ONAW-hoIDGqmNBQI-XYinY,female,158.5,62.0
LWS7u2dM1oIlDpu0qfB0Fh8kUXtyKa2Bzu2Zy8gx69U,female,171.5,70.7
-5OHO2b5mRDY1rvAf07sYYtekEEX7ViEGmvRr7l4tfc,female,163.0,65.0
e-0lza77JKC-xvdfzGUtaX732xERpAyfyWYVzpbQGdk,female,158.5,44.2
OG9Sg6chAt62VpE1YhaBQcIQ1Qv22fYUHRPndomcxz0,female,158.5,61.9
eUQaVsLyGr_zoE6EwWwpU6Ww9q5aO932Y5LxH0ViKQo,female,167.8,50.5
k6mUYQ--EsUFkUXes7CyUrDDVR0TGGdy3JesOw4muuo,female,164.5,65.9
59bc2765681516389ccf4513,female,167.1,67.6
mTsjIVTuExMqDOs4rgUWzVrk_s-3Y2syQl4NyccrLbI,female,161.3,46.2
6G6oYfY_1KdG63aIAEbDisjnRAalV7xOP0Kj9jajxJU,female,158.25,61.6
GYTnlaKA2rWl9aSy0W9Jdwv3IV-sh-UTxnNHvGd5IzE,female,159.0,62.1
y32dEeA-iZr8Pt91kD30sOJRmugAdCm-jzF6aHYt_oE,female,165.0,66.1
KBAU1rWD43nsok2kcZJkGqqMKRUMIpMURs6n7DiIbAk,female,164.0,65.4
AJrINvKEvx1BaOMF9r23zwKdD9tfkHY4jSO3GyImELQ,female,161.85,63.95
6CxHzwqW23eLWqsWrQuJbwr9UWlo7pv87YqZTFiWxws,female,164.5,48.5
OHJbKBoYWYD-m6mpQi8Xw4zXuMKQe0g8APH6z__VLv8,female,168.25,68.1
LAylutsZzyozv6hpU2zkLc7tSoVn0KA7MHpFSNF31bU,female,168.5,51.3
L3gOZE9_foSWpEGDymPGZ72xRwNAjs30LgwA2HK5Pck,female,154.0,58.5
YCYZfuKdUfWrvD0Wa_bpzqRO2pV06RuSS-4SSZOavSY,female,164.5,65.5
kIylnWWgtxbfedUMpfR5Ot3-iuysBKh-wHxw0Qwh46c,female,166.0,66.5
PvvWNiET5hz701BDbx_LMXCRHnH7W94qby9EuCVLxs8,female,154.2,58.6
4zydBaQiHRmsujJ961bicneBbDYHlmHxPeLTQBorLzY,female,167.0,50.4
Vlfc4F6gFYKkpCJux4gxVJzSrlubik60_HDkzkwcIqI,female,171.5,70.15
4V0D7qiw6J5sTLHjBGkxAjwpIZRx-KPVaQWLWf8xy4o,female,162.25,63.95
0nUGCGJVMuW97nuWEcXti8w-lDDCvyrOgT7RzfE_C1I,female,169.75,68.95
Op8r02niR4ewKbhCNlxQ0bbj9lntsw2SLCKTfXOjsc0,female,170.5,52.8
4bpNJgeZd3-fSRjAsrW6eRInYZ6LOOeVVGC0dfWjwNg,female,169.0,51.8
vbZZsZ3TYtTI253SiLaYLGYn-BT6NSlnN-B60PQzdHw,female,161.8,63.6
dPRinhZqztN_Hf264QHnP_0Wg121yQ90oKTvePLyM8o,female,163.3,64.6
wyo56gHJyQO26BfciyAHy7U9Tx2QnhxCIv0tK_rDou4,female,165.5,66.0
1F0kEDeQXT7IOic6etMSOANMhH7SvKE1o-THF11ugdw,female,159.1,61.7
Qq9NaLjx3iFSgN4IO9FFHNQhM-HniE8cy7GXNWpJVtk,female,173.0,71.0
LG8w5pRNQxAS1OXu32ttcFgCo2x_udBwl4IY-pkH-G0,female,158.3,61.1
1hW_MCqKCiuyI_RdcwYn7k0pFVsCyG5epVA4Lv-4jGU,female,161.0,62.9
bEEVIiPPqqwP38kdKJrb5pnbM5L3-1-Q4K0D5R-Xp10,female,165.5,49.7
Yl8U2SSkkWDw2ewoGQLfj0P-Y_wwwe28W6ltWa6OE5k,female,164.0,64.8
yDKNHjVVLnOxD_oBdXqQW1d9SwZDDiKn-VdTJGev_T0,female,170.05,68.8
1r-5y6wiubbNTNDOhH0ypmCfrIdg_mJnMzR69G2i6no,female,168.2,51.6
pKRLPLEKQlOAYkS3cSoDzCvwIHDUu83thaeib6rgK9M,female,171.0,69.4
tKHi87qSvJrSlso55catxSZkeH2nTfQJ-omJ_79mJJ0,female,162.5,63.7
PSWXWb1JMr1NXcxjGIGDSeYOT6YZLvclRRYBZT5AkzI,female,173.0,70.7
rFUJ4sAg0xJpMiKyCvjFG1t15y-fUlnBwpCJyti9lHU,female,163.0,64.0
xqSrD3kKSH0jt-tGr4oooGvGQfZkbplgahtlxiuWCIo,female,152.35,56.9
AOROve_CMsO6bxWVAi3J6cn6izwWWgxmcCmZcV7Q0cU,female,159.6,61.7
98ybaqAtTEscPfdBt_pbzyB7uRzO8UymbWubJOh3cd8,female,169.5,68.3
F4TnEhf6SPRvMS4EpUaOTA2ZE-WJVz2b-YcJF3TxyKA,female,163.2,64.05
KyUpCvLOaHfJNvUi1UqsGflxRBbyk5O5sHHE4Z3fYs0,female,163.0,48.3
BuS-57KVH5PUMufrQLs3EkdD9lLWqtt06DpoL12nlsA,female,159.5,61.5
3lCM3aLY_S5D8So-cmKS_wxvg4LEd3ByaVj7RwtJXPk,female,169.8,52.9
DCA3Le3s1Oh-UiRWy_kDjoieCC_MvJg_4ndji_I87jc,female,164.0,64.5
UpKByUk0R-xH0de_VHTP1DIbIf7IHrNBIUPzD6YQth0,female,166.0,65.8
XChq7P1lqOo--lFR5_wmw1iL9KE3a4-ARks2xlDKFD4,female,163.0,48.4
59bc276e681516389ccf4844,female,165.0,65.1
O4seCrLSEagQp6BGJTsPYovKuLedF1KiXDYJjsxHV0w,female,162.2,47.9
aKCbIlgkgwR0Tv0hD5Y3Reox0bJEgCiqJMVSaIrRKRQ,female,156.4,59.3
XzIIbdAvug_HTiA25PW5MFyFyt7QzCVA5lNnmZN6BIU,female,166.0,50.5
-f435rmMBWdNpQenjlVoMqciq2qSKrVkdrcdeBhFadA,female,164.5,64.7
5EGWEEK1LY65tkKLQ7EYnBzkxSvRVvGKkbbH5xXhHSQ,female,149.5,56.6
KuaO0HukXURPXHNjwVlRBX54vTgGoJCgIlE6pJFBjuU,female,162.0,63.0
PzOCTMEqFNW_m0El8kk94x5NoGcA-L_d65TiAJe5p68,female,157.6,60.05
_ZamEJ24dG8_hV3sdbt6iqrWwvT8aUB0zCjq0h6_X-E,female,161.6,47.6
WnKXOTsT_HOrsCimdLNQ0avrn593cJCE7N3fCWGn9H4,female,161.0,62.2
Vs2eI7lYPCCR4N3jdBO4G9tBuKpH0ZXT3qpzOCmG9QA,female,167.7,66.6
Ve_FT5dVazanjRifMYJoMRRL3LBDF0Wjg_X6YyNcXzM,female,159.5,46.4
ASWDIHpxAgE8tjKibGquSeNFX7ipcfS8_dfxbSxsPJ4,female,169.45,67.75
uq4DCL_ezHJURMKCNyYgyF1N2J36sYaBy-zQsrYfIhA,female,160.45,47.05
GK2jds8tP3G6PyRZEtetBwDgWLEMWJUaEN_1btjyNrM,female,160.2,46.9
ARC9XVPHMy4OmvCLVt3pOlOR-Wv17WxdC6zj0jJiquc,female,167.65,66.5
59bc2760681516389ccf4333,female,161.5,47.8
rLy5q5GzDMlUYUv7CAo2X89t0qncU_-j15zxHuxCHoQ,female,168.0,66.7
_CwZV7JjweL1bNgowFMabyvvg2zUkljylkh4qYgiQoY,female,170.6,68.4
Iq9BZmJt_Dg-EuoVbU_Q7ttc7RWfR-PyHACAyA_NwHs,female,179.0,74.0
lLaKUu8T6XGcAi6D6SUxeHWcwyyaBqLr1ZV9QWhll-8,female,169.3,67.4
alvViEXcpt6DTJMCIgxAwfPXlieyPGTGoJs62yCtXlc,female,159.6,60.9
cVytttxSLrJkJZfDS7mqNACCPRKwCk7a978wWualrew,female,164.25,64.0
59bc2770681516389ccf4940,female,160.1,61.2
Ay17AXkv1EI2b1Cp-qH1xBuAKF-bNQVMEYruSbLCYxQ,female,164.0,63.8
2A02K7VTiazsZPJow1JvfW1rcmsCwRcc6udVInDdVfo,female,176.0,71.8
upa6foQNb8RjG3rcyAiG0Np9ls0JeJ_nBr0CRoL6I5g,female,161.9,62.35
59bc2757681516389ccf4018,female,163.85,63.6
G8cSXcCF9RyYdLwbhiH-x6yvLcuXMaK6070kee5v5gg,female,155.5,58.0
nz721hZrCwq7GrpohgBOLERaZ2oP-ABupauvqlS45fI,female,161.1,47.9
ciob9bPgUpBxkXNd5QvZSR_TBtrxFuvmhpKmAUTEs4M,female,152.4,42.1
icoAL0V4eLYR2ZXjKFajM7zpX2c2NoyM-ZOkRzXkJUs,female,155.75,44.35
rhUrMSeO7Nb-lPQHSDizeYFdm1ZkYzFozoaL92zkAZ0,female,165.0,50.6
59bc2768681516389ccf4677,female,148.9,55.8
h9CrV4Bja5J7GcDHh1nhtwlNL-G2dstWVh1H9MVcwMo,female,169.0,66.9
59bc2766681516389ccf45b4,female,173.0,69.5
5uUKnbSqv9aSGLFdTKky-BMjYiXJrekNriewE4Fg_Zg,female,157.0,45.4
yG8urEXMQwYxRedKdQ0PzhAnG6wRRQ3Qhkcivj4uxSo,female,162.3,62.3
13pX7gY7asIuwkUe84q-h_Y4ih0x3AWA_elpNZmNBKg,female,168.0,52.8
_NoqTGuJDuoQWkCe0yvPsiv9VH2Msb5-h4qJGaAHMwA,female,176.5,71.75
dx17OuwfKm5FocfCZ66tMZbAu9cwDFy4bgR-Pdkl6U0,female,160.5,61.0
ro7fbgrTpvIYxNOi6U2xNVTW0NgXJavWXzbY2gww5DE,female,166.5,51.9
3xVJO9HyrOrQkIXXjdqeHftluBQ_Jkt2Tn748nJt9gk,female,165.2,64.1
4BXlHd3dwVd6PpZncEnIpr675Ozub9a3aCKVl2bfRdY,female,168.2,66.1
oI_BOnigfzo5Jsd5owKqNQ1kATGsx3AM4knkcu9Uato,female,162.1,62.0
4bBr6L-kFUuzyOWO3vI_4OGSbP_3WZjfIF8OvUCdu-0,female,165.5,51.3
-gXu1nZDGq7CwAyObp3f3MhE0r5BBxuer9T15M92u-U,female,157.25,58.7
5_m2-TYDAgPpC0RM31LQ6jzDxAXdYr9vW4q1fXj7ypM,female,176.5,58.7
IvCNsbRv3wHMgRl6sQUrzAn36i8TlTm0_4uXheFRrXI,female,159.25,60.0
BsfJzTZxaGixB_zWMI7Cy7JNn8EAkY0gRBq12NeV33g,female,171.6,55.45
DTjqT-10YClWQzHylJUcdSeas3p3DzwsjLzIP3ixZ8Q,female,166.0,64.5
RQq_cqoXxjRz_clDrc-_WzDZjYVR7-wSKqcbn4WSwSE,female,154.9,44.3
0D-8Ft39MufsfV1e8PSPutSzSJ4BYLTcQYupqyYs52c,female,156.2,57.9
EVzxmfGWPMsEwiPrz8uVa7SgSaddRdIYfmRGS-11j7g,female,160.7,60.9
14jpgC_nNGPOffvAQo4KbTLvFLaJKqAloOYHFvSaP14,female,155.7,44.9
qrVKaC58VtESle4b_JRoEpCYYt6Kmyooh4yY5RpFmkM,female,171.75,55.65
MbI0nuaGlMFelp1gYz2NnBZ3E9Kqgno4bxUrxlZczOA,female,157.9,46.4
65UyB8JMCYFMX-M8OoS8ux5lzr52EmO7TKJ9o4v8ESs,female,160.5,60.7
1D-rS4ceivG5o5yI7oRT4XD61IjRxaI_SeFBoqHYems,female,169.5,66.7
nmwUdkQwCmcQiJyo6rrCHuV28ZxXdzKhtDLzrY831HQ,female,163.6,62.7
he2J46C3Yu3aEUjwSZiGDffpiIUYTjC2eiFlZld3Dzg,female,170.5,67.3
XhdYYyUbTJ6rCqfosof2q-xfn99gTX2LjiYqYPTsc2Y,female,161.5,61.2
fOCheDvo1LbFwYLyHekXDBh1b3ph4qo4v8rQKfe4kWQ,female,162.5,61.8
ENgw2m_MNUmwXsw6B4gqR0zeU-YRSH_QSuLOAD1qcv0,female,165.5,63.8
0_Be70jSUDcGB5ClohaaXArKKavaPoKiI0b8OAnJFbA,female,166.1,64.2
z1Cj8-tPo7XuylEL1c1i8tcUCuQqRBQpmxaGq6HXPG8,female,141.0,43.0
l3RUA6WnT3ZgHcRQ26cTjxHwJhdd1CZhG52_CZR6k1I,female,167.5,65.1
qC0CjHxBS8YG9nJlbKCjTagOLAuGjeh88yhjMdpJTPk,female,174.5,57.8
kVM9QASz00QiqQUqerI8IdstVAmfwA4h45LsvqAsvcE,female,177.1,71.5
X-q9VE1Jm8Nt7O3_HYRJe_Xask4oljYK2_N6kA3TUKE,female,166.5,64.4
EP3nlJStPZoBk24yoJJ95kaD-CzK-Bwt7UeWZzA2Tic,female,159.5,47.8
NPC5AE7iwKfWfpBfXabJrkmqPUFfC93c-kUzJxIlRpI,female,166.7,52.7
YyufckRxZ8zPpf4cXMTEiB6hKuQTMli4KLLm-HIIa_s,female,163.6,62.3
59bc276c681516389ccf47e4,female,154.05,55.9
7McuSPbjJDQZAl-MIhD3mwI9s0PWZxcD2COwRLwRxJM,female,154.5,56.2
PEHN1aqxst83Z9A4dsV9vlx4izfDR4pcnR-j3mGZQFY,female,163.5,50.65
l6-GeBGVeOEiQXIVpFg1JdGUeQFiZmjSiDr0ThLKCFQ,female,160.5,60.2
eRj17yv-E6_O8A3DNw8_DiHgSG1QmP5ztJVJRGBrca4,female,168.2,53.8
6pSoYMGobKGaplxJ9bYxiH_b0bpbbF-idqM7990uPYE,female,154.3,44.5
_VHnxraWanoiApLH0NaIPJqgEKK1kWVxv3nfm8_JNU8,female,166.1,52.4
XgcPgqthLt1PRFuXfxp0O7nZeHNQffA4Ma-2ByOeckM,female,153.2,55.3
rsEsfaP1dnCyh9yJzWRO0Ku08gXboR0XWeXMM2BiiGI,female,170.0,66.5
MmlaGbcovUveI_4bIkPI7PtbtuIXmJXEuh7PcWd1vs4,female,151.0,54.7
59bc276b681516389ccf4781,female,153.85,44.3
z4s4b8bsC7hQF46iowvWZErMqEkCg5FbcD3UBMBDuAg,female,152.5,43.4
UbhnstuOupSLqT1wAnBu3Ffc5cqLOsYBH9aZPeibkUw,female,157.8,58.25
G1cJvbexZIXKGdvja22JWyvwHdLKKmzp7oKBLC_GU_A,female,163.0,61.6
kS2l8BxM3FEOQkITlQkcnXc44EucNbX6pOL0_-l8iZY,female,158.8,58.75
a6C0JXb3FwINuo4m9L-eq9Nql4ky28br0h7l3MZd12s,female,161.0,60.2
Tcsl1T7nm2w9g_-EcckeB3erb9nyXx-zel-M7_f-6Gg,female,154.0,55.5
2Q1z0YAxR5KlamR3g5E3v9P6MYZkNHS5Jc3oReJhaAA,female,161.5,60.5
Ygv8bachxIhg_xghC8vaHDGzMJJoVjbR7WylgU_yclo,female,155.0,56.1
Wx1Lwfo7sxMWqawYX02arJQ4mrLCJ0Tf-X_zSQ4LV3s,female,171.0,56.1
_ToIEVbMdssywyK_y8n5Cx3IR8U2zzLK93pBjdJ7Y-8,female,155.5,56.4
ZMzqnKx9IEB7ltrIt44-76BTn0aauxEmHijcPu4l3Ws,female,173.5,57.8
K_II_ceJULbMT4-1kDxWSxcLNVQVQ_xXiH2yEzIwerw,female,160.5,49.1
ycUM0ZvcGbWhQZfMY8CsUGDEeKHCVveSPSBvhkmkmv8,female,173.0,68.1
ReXksxD2slcyWPByLyLntNmLGJITrJkkgxHefm7FCSw,female,161.8,50.0
TgS_yYcLOuY7Of8dI9_BSUucaGg0t0RTQETeUmtMiio,female,161.6,60.4
M_VIme6ZNwUHowz1e0dEdO7dB4CUb4nq2g5LJrboM_8,female,154.6,45.25
6PZ9cpIq6FDbMhzwtoeGDW5kqAB7XS14Bl_f2uxIbJw,female,171.1,56.3
AR7uEXdi39EGZhXMCi74TR3E_kgSL3w9hQIhNDM3Y0U,female,160.0,48.9
-QVnfQ26qAbPK2NBge_b9gErXDn4CdOYWdc4fILEjjQ,female,158.3,58.1
1KrwWNhtm7WrMFYURvkl4aTk_3kOdqtVURRKQoYX8XQ,female,162.0,60.55
FwKn-jm3nCeeL0h6WpYdyUgAQd9jn1r7V1DlVSacAFQ,female,159.6,58.9
7R3ZLSU3UC0OzNPDENGA8_CmaR-zVyj6DcbSlEwQJG0,female,171.3,66.7
jRVVmniEjFboTrGpJxCsUEV58h5yev-85b1Oag7Kgds,female,168.0,54.4
TLI5z5j7y9XIr6a-acw6-gcpuKN6bHj9IOq0Z4CdvN0,female,167.0,63.8
eS_E3lqz755Y5RVVv3xILlAD9JMgrqLwWnDkGdehwrc,female,160.3,59.3
P04VOrUsLTX6SIW5Iogjg7m40YuLGUqVBqRSEFya9GI,female,168.1,54.5
yI3ggbDDMGbpyUyqLMB2ESSttV7sTcq4Q3sljzli3-w,female,153.9,55.0
EBFIHGLlPfeXlotkyUFlWP6VUxGoWbXvpo4jB8ESXYo,female,165.0,62.4
5sX0pr2d25brSxyDduPE6bR9NiPFlYJB_7iiFN4hzdc,female,156.5,56.7
eaJoNIErQRATPzMdDYaFMDm48na6oTqp46Z2a_Ttfnk,female,155.8,56.2
EdIZ4UZyPF9NeVOxjGlJKATWntX22ts3CfBx99chEmw,female,158.5,58.0
mggKD_qrTacSXiWfJBlKFW_9UubvJYtbeJVGPXz_ScE,female,162.4,60.6
IVZsXcxTQUz90kwtRiKB4GtNs8mtCn6CfhIUT-FImgA,female,179.0,61.9
ECoa3Ple2_VClgZ3w6ArCH22bluCUpp5c2egmx6k6SA,female,170.0,55.9
nU_YrRd67Uyc4OjJ9yonyyfzsYLBPYVuQq3ACDVJJ-M,female,165.8,53.1
a27zN_rxs9_WUzl4TsrXOg6W3ztO8D7OlEVSLVa9Or0,female,165.5,52.9
XI1sGfmvQgCa3yNalqQWwxatqzp90nppgjh9rTRyVE4,female,164.0,51.9
_o3GopuYnrAIwiRGyiLGWHVzEc4E45tSp0AxxXA0n-g,female,156.7,56.7
-67TrwlJ3GSsqPeHaa2Nb0iQ-BKZfIx4ERysQPZ0-SY,female,144.6,44.2
3HTxlEply3gwyMnwXZ4MJiN0FwDmsLLer9CnROMOtFs,female,173.0,58.0
H96X3Mk2kr5Ok54Lck9oR93rz2WR7maI1yuww5V37Nc,female,170.5,65.9
eLjIgnMlJKfK6MIRaGa3HCfnXpM04E09QXkGiCxKJAg,female,168.5,55.0
Z5ntNTIvmbC8CIfxJ0hC-k3JY-9mizxwmaUDuf9givM,female,166.2,63.0
p86gFKi4pupsfPfBKxQfGWFRh8bDdRQ7MFJFmDT9b6Y,female,163.25,51.5
VBCbaA2ifumchk5h2MAWC8fZCUk7bvaoHAKmJKFkRMY,female,167.7,64.0
59bc2765681516389ccf4530,female,156.4,56.4
COBCfW9dpPdtWTJu2CzyQdM7de12tj2ggfL7I-Dy1wU,female,167.2,63.6
o8I7BC05vsyAYnyPOuAj4_XmXRQ9jB_gHDSlzU4zXUU,female,162.7,60.5
6nhmektE6ad0XnCmzOglnMvhYkol8-HBL1KCEcdKSPI,female,155.1,55.4
59bc276d681516389ccf481d,female,164.1,61.4
Tl1DIq7LCXOu6GG9TyJKbI3an7F3dSdeVdjao5faPfw,female,163.4,60.9
VQDsKkfK8ABIqEsMta11j61WsZK6VYMZBo1Kv7NmoJI,female,161.5,59.6
8XB65OIFyJWssH8CLHyyTWVuuBT-H3u3C1haKwy-LkE,female,163.0,51.6
ZqIJuZiK5-yL-8aGZHGYuNdHWlmhtbRwfLP8B2nzoO4,female,163.5,60.9
x9ThblNEs0d1SG65yjmPYY_sX3fjXL4C2XO5HI-dkP0,female,166.5,62.9
nby1eL0lqv5vd4YvP53ZyxxZIYlwHkES820Jiiz0opo,female,166.5,62.9
AUIZuo6lfanwDEDqrbi0_Z4Rsle6CF3P6RaNyWw0_Sg,female,153.75,45.45
S45BGG7fwwStlMSiUGTnZJTJYx3izNJXWKNQ5fsxIlg,female,158.75,57.7
_Z-4wflkRVuwwIJFfD90T2-ueF0s7HxvY-MdQ_0pFPU,female,153.0,45.0
65Hr2F3AwIYt1nNQaCfz0O846XdFrWBG74_H5ydeeMM,female,159.35,49.25
gbKNI-wfsvgJR32_PRt5qTLSQhZQyNixqRLFGSrsfc4,female,164.5,52.7
5tYrch-RIFBKZvBrbi6l4kDWdbvDSxEI53zArLytcL0,female,172.1,57.8
8YgXcWe0_qvmBTG-C3zcan3y7XTDDI9i0OyZUOfrLLw,female,158.0,57.1
YA0piHl32MSDrXwwYSzw0xZkgZhEQ-dT0fbo7jC59FU,female,153.2,45.2
o7s58PUTsT5yQd8DXsSetqhtl2BHn-coxbDQIC4PKL0,female,151.0,44.7
OW69pCNzvuyn4IDrAvGcRw6BjIQPd71jXCOtNPWpKIg,female,160.65,50.25
USmhBn8O9THhhyAypEL9u68iMWV7Qmy7TR-1EV_jZZQ,female,165.6,62.1
B10606VgKgwKhNZbpLpWmRMz9OyxGOh_GsYBqDBVuoU,female,168.0,63.7
TH0MiV9KcajD00Dm4oCUNaMx14p36PTQyxhJcUUN3Cg,female,164.8,61.55
S0K6y-KfAfl0vF2ldf5Uu5ISSEF_Z3Kznu1p6VUX9sY,female,155.3,46.7
4Ji4jvSX5vPu7giQHWXRgilR8UetKbKXNRwnKE7CHsE,female,162.5,60.0
goHc9Rc3JYmvKwlVvNOj_rReVQAEb6augswlammHYfY,female,164.5,52.9
ONExtjPuO-BP4G0Mxy8Hnm5snWhuR8xoomIwRPxkGXc,female,153.0,53.6
bKYofWY1P4a3avGH_z1BsSWftlVHu9rhanSrNZ4w_lE,female,159.0,57.6
ykOqpg61ldXvylQ93x3YB33HI7oTavy301qEtZXWwHo,female,166.1,62.35
U1ohsWBuEi2UBf804eKk5bN06_uDIRHjXA3rLbWQYHA,female,157.1,48.0
rwNErR4KYZAKDumaBGC0fMvhVtJa46wtR7SNo1CmNew,female,166.5,54.3
A85jp7bNmv_K4qwOlKkYUhq8jD0NdTiPnw-ww-ITGiQ,female,163.5,52.3
GFy9ZiAZQPteKzU20LglQEdnXUvL6Y3Ho1ScbVkm9xg,female,157.0,56.2
Qdp6TYwkdxbX5uoZpl2PtFjq4Vq5PnUV4j5xrz-ZQ6Y,female,163.0,60.2
I8BI3wv3aghDCeaSa36TdxzoN8tuvQBE0v4X0ts5EX8,female,164.2,61.0
OkD_s5l3lVIhaNKIZPzRPwKaGobxBEXGVQ0qW86r5A0,female,152.0,44.9
-kOx6TND-xhoWgxKctLcShlDXu7NGp1nFzUNlIqDC8E,female,160.0,50.0
S7yKMTRDnBadwqQLxj-YxnZ7tUY-sxd7zBKF-N-laAg,female,159.5,57.8
wo1RxJr9GOOIJx-_rCq-eYHvTzhqR4QfEtxMqNiXSGo,female,168.2,63.6
QfKpuP6dZQy-hOYNYE5Unp5XJ0g0H2AU6yLy8KASKNg,female,155.1,46.8
o_P4XZjstn1eM91yD9l-jZt4i4zQRxyWh2IjXFPvc3U,female,164.5,61.1
Za2gVY9IO7cSatR1s6MlJT2Ym9kjgf5dx5QQ3dqOMjA,female,153.6,53.8
5Xh-fOMeqv6IdKC9QUomitc2GYfGUqP79yO-sQDvXPw,female,158.5,49.1
vK1-RUhICFZPQ66-rt3Ee3pOShmpzuq2ubSV1I_hdio,female,160.8,58.6
YK5kKZSFwbHezYTwzNsNiQG56io_IhgEHbS2KAlDE6k,female,158.25,56.85
AJhTuQCUcGqNWYEnrAPV9E_5n-63xapWDqLl5xY09b8,female,158.5,57.0
i45bbTSs4418BrHmSgp2-1cYp3Yj9BI6em6C9m4yCsQ,female,159.1,49.6
nzXOIrME2nqNezEfWx5KEho04ts4yIAklDSTuurjdZ8,female,155.5,54.9
AX7n8bvX-5xbg8q0cCKaxASM66m2Xg7msSV5tYExzjc,female,183.0,73.3
EJ9WxsKpBR1iAQXdMdj1nrUbRPwihEfi_SGgd1NN4ac,female,159.6,50.0
59bc275f681516389ccf42dd,female,158.2,56.7
rQEW2xANPRFnYpwxbKMqPRbLJhObWL6LuXKOnJQmaWw,female,173.0,66.6
P9xEH1gTLHYiXIPkKlGqZ63y1rExLqOPPSkimNdQsYc,female,161.65,59.0
oUuBVZfCJazF-eHB_8vEqHuLJsp_EpzDzEM_ipglDEo,female,155.5,47.3
s7ogioDf1U8mqqsD7r99clapeOQQfyr55h2X3ap3XJE,female,165.0,53.7
B0Z9Yi4-Fq_kfX9T9yRIA6iZrVAr611tdGaSdtGmckg,female,174.0,67.1
2lEWBQrGR_vm8phdFZXOUSOhbHgplfgxN8NXLIJvAFU,female,161.6,58.8
2iddLMv6IBuiVCaT2BJzjPJXfB5xu78N0UxRxIf2o_U,female,172.6,58.9
9wCJatfv6BpfIhr16KyPosqMAPyrZUL2SCdjDms6N_g,female,168.0,55.9
YQxrhrxpKSH8xTQqkGhjwmNJa1alqHlCTHJXHAJ5mS0,female,155.0,47.2
59bc2770681516389ccf48fb,female,175.5,68.0
bYlXPEY7IZJStZHWG77crdDUu2cB9JoZg7PtUrIYBHo,female,164.5,60.6
59bc2767681516389ccf45ec,female,164.2,53.4
MEg2fJbKd6vFArod3Em2Yg6Fzg8I_UVysW9tVVNJXuU,female,163.0,52.6
NtGhhuJmxasrSRLy3LsguIRU14n0gjoJg_Qr7Ct7-aA,female,175.5,61.0
59bc276e681516389ccf485c,female,166.5,55.0
4bITwZfmlJUYVTWFNlQsWqjmpXd7p_B1KyqLCAdWbVQ,female,158.8,56.7
2NWEZ9_atmcpO1hW35vimzq3zGQrfywdEdGvLkStrGo,female,169.0,56.7
63z9hct-f8Aj4nNaZT3lwNRfpiAH0qQx_MKqr1mN5C0,female,172.0,65.5
6lCPFQmNmohQyzpaKgMfsiOOi0dY4S0a3r-zgaLBlXc,female,170.0,64.1
UyHRmAs0a9DkqUIdvMM6H2DZZt8poOp0yppXVqiqei8,female,157.2,48.9
NXmoPHhsDXHFFY9qBe87PNHfINaJfDwlbacZeImZi1U,female,161.5,51.8
9r9UXEUP4rNlsPts3IprlY15Ikn3pbSbpz56rvkQmuw,female,165.0,60.7
IIHoiNOLWvZ9I7UuzbNCmayVsZTvP0prTJiWmC9k27M,female,159.8,50.7
llo3NTj2etefabjXxPXIDQOi885hqO0iww42r4iSggs,female,156.0,48.2
UJSmriR4qVLH4cT84OmuMXkZSr5FVGZv7D6GCFqHuvw,female,164.5,53.9
UbixyJ3QdnK9uOm6YjoaGHrNwsTpwNaeuWEuEOs9nsc,female,164.7,60.4
Q-y1oIbsoe4Rqzy9N4iKyG8Asqb6CI_dA39f6Xayv6s,female,153.5,52.9
5a1c474ee7cb790004827648,female,159.3,50.5
F2hVcfRAAc0OEz5QPIHt5zGIc7QLe54EUpedTB6pm7Q,female,161.2,58.0
gW8ZU5f2ddM1YXRNfiBgrdKaao8aZCnOxMnILg1AvFU,female,168.5,56.7
Av0raRwCIkOPOO2_mAsoEehVscy8jZGYrLC9GOVIcF0,female,162.8,59.0
7ayEmm7kpuu9odyNPchjRmDxZzVMso0-yacXVxeP1_A,female,166.6,61.5
8dNapeHYd_jNji_IkOHzYEWBvjDrfJPWr8fW01bifZU,female,159.6,56.8
FYyN-I3eUVTrNJplKYfglP48b18n5SFmNaF-3XPqTWE,female,154.75,47.6
EYHKvjkoWEhaMdxSneiWiRED2E5xCMMOBM26nJiqKwM,female,168.3,62.6
S2mmeg781MZQc-lUFAQ7ShYJ6xh3LhzmNqNSN5xCu34,female,164.4,54.1
3VAjyqA7VZJYiY8-2KpTG0pMgxeUi26w4RSXLzz5q6w,female,157.5,49.5
sMKDTMq0K_2kq4Rm3JYEPP9XgLwkcLoEBSBREGgpWWI,female,160.0,57.0
8ihJtq2eo1xEMbVx1nioChqxCCPS6gQb-nzd9lm44kU,female,160.0,57.0
wsh4PsTD-ZDGz0KGlgGwVpROjGkHUQhaNcHVMhPH2fw,female,160.0,51.2
-nb6YMhnr5iOO8SbyCamexRSVRxegqztWFmTJZM2X94,female,160.5,57.3
qte7wJiIBIyLyRkpph7yIEKvsPSFXWsx1rKn4K4KNjk,female,163.05,53.25
tQF4H5bqlHtSHmmClQxq0JkZ1Rom7piv5U_OutDWA5c,female,168.5,56.9
u2VX_rR-b9Ygp5ToLLA8grPCNIFtLlV7lY34UmeWmAs,female,171.25,58.75
KRhhODp3IdNvOwJrGTgxyFFSajMFzlvI6-oXD7zUB1M,female,171.0,58.6
59bc2758681516389ccf4047,female,165.0,54.6
NMF25R019iMg46ITv51G7T57n1OQ-0PqjDBBaBM-KeY,female,152.5,51.9
_r5m-6Cs1ruZ6VecGYZlSbNSMDLCVT3wYpjoXQ46NQQ,female,174.5,66.6
iSY6QWcZ0CbHmm_7nqSi1q3KcF0uW2PlHGiD4LQcJY0,female,174.5,66.6
txX1Tky6J40Ji5FT5YmG2djk7o5r_LxjNrosBNqKwso,female,166.7,55.8
0llUez60571dPHH-iNUKIhyU8RNcRM3u8cJx27lOkkk,female,169.5,63.2
8PEXA0Sfr-ccgI-cjmAYWSeB_SOb61Ow4AvERq7vKGU,female,162.2,58.3
EN45bXeRCREnNHm6nZ-FCHtpgW5bGuJSdWlVLEebsL0,female,164.5,59.8
AYTfYEz3WD-XDPEqz4dwBmf_kEM8aL1V3rC8IaXKhFY,female,168.5,57.1
yUrfQDl6hedEUzSVmkWyRNjuuQUiNhjZlcAY9t-kWI4,female,163.8,59.3
TvPLietnYNztbsCXuzZoZQlAFfGmiZkfW_EM4Qzd8Hc,female,168.0,56.8
59bc276d681516389ccf4838,female,164.6,59.8
MTXbtemM3j9GYgqgOkhXXNyNs1NVodSfuPageeXGSXk,female,170.0,63.4
ALq8LcExnBnHix58FvA7d3ih7OuuuutlokIyPGjte1s,female,154.5,47.8
9Ltq8GHN65IkHZN4ivszslPGuydQhRqlasJyfRcynB8,female,151.6,46.4
4z9kqRwkw3EEXpQm5AQj28m_K4HzCJi32K02uiLQ_Sw,female,160.5,57.0
8PaJAtXARTOyCHcL_MaqL-ZedWtRwNrUNJwEdmsqZDU,female,154.75,53.15
SPNzQXP6J5sNtZRUepCJSwqxWzJrf-oJlQYaASJQeRQ,female,162.0,52.9
wzelHnijeJR7FMP8UAwRHF40JQ-Z9EWkpHSa5MgxcPU,female,171.2,64.1
5aoCyghZ3fcYFvdtisw_9R9F6gKFYsUgQHnJrNi3mco,female,147.1,51.5
soXWSXWzuNg6DNTf3hkD4MDkxGtFx-78TcSQW-9HcC8,female,160.0,51.6
u-19n5ZqWqhr06xLR-DOLpXuTZ45cUnyQKTNCI5HuYk,female,159.75,56.4
Q8EWvJHo7ZjvwLJNpaJxCxZAky0rrnvcmYsTvGSOPFg,female,155.0,53.2
8295UeA_WBf3kSL6aaOPEdzqyYybkjMWPlgOy26WnE8,female,156.7,54.3
qj0NOy4kSIpFvObGgE8skb1QToexAhxbWYMp1-UVgX8,female,161.5,57.5
HzrSqvrAMyVOWeRXPyWhFSSXoRnsCNpdNHbl-RW1o5Q,female,165.8,55.6
DCmj2JmoHv4tUSv4DJVwagjX6xlF7R_HOPVY_qLDciM,female,154.1,52.5
SqTmoUOeRjG1RbZSxonfRdS_8B1Voibyz8Xfwl2JoUk,female,155.0,53.1
AgS48Otp4jBlbXCuMT4yzzXXIQprRt0tzGYCI6cJ1FA,female,168.0,57.1
MDqQHenu2xxbf_I4_Uo5YARw9wxHCXDSQKgC3ZWHyBM,female,162.5,58.1
KUNSraIYDWHRcL691_W2GTTD0xKejJUyZHVqdQyezaM,female,171.5,64.1
gAFJ_eBlTPO1L3oJ8cwt6BjuTI2yYCbLZmDvT5wn9LE,female,156.0,49.1
gvFN9-oZ1kTVAlIyBYj0VsEMgoW6NojEmFUY1cB83lQ,female,154.5,52.7
VF9pumeaSDFTvECpCCUuDxIBHBxSJo4RBKSD_rdK3xI,female,157.5,54.7
6U7cdxwjQPZ8HMX3IQ66wLplGicALdww5a9S3WBNtpA,female,168.0,61.7
L5hyLcjEUehth3dkw0b_hcjI6YWRayLrwwg9Cv2G7Fg,female,171.0,59.2
m2Z2lux39g4KvRFrEB5ZT93C6Z2l6ZiXUDnVqL3JDR0,female,155.1,53.0
zaGYbH8QUOj6VhRSv2ibTYSKUZ05kNNObVcy3GTtOsQ,female,174.5,61.6
IhDJdQLAqc7iFAtk1w3TvnMiaZViF2KeqrZ2-Kul0Ks,female,159.0,55.6
iAId7twJViYUsBFd2uVqfBelqyHlDID2sG1XfGguFHw,female,159.9,56.2
4V5t1ip62IcSKtuK7qkTrk1d0nDXVf2qVARD7g_SNI4,female,161.9,57.5
VZOdwErQEssn2GRi01V-Co76MIZb7JUCjyshSGFvTyI,female,166.5,56.3
tkPLFpLLTXN1pQHJLlKRp9ei3qB-rlFviG-8NlZux6c,female,165.0,55.3
G2--3a1ZbnW54xZrzDhQDiV0ykwTVJPyaXDJqjk77og,female,170.6,63.3
R_Xg4Nh-OYq6AJspZUtA0VXq04NHInTcUqlNXvVr1iE,female,167.8,61.4
o-_gWQyCnze7uTFo_sg8XmTniRktMdxB4P0EGtKaMY8,female,163.5,58.5
27fgXorDJPfXnx9zZsB9ZKNwkIY9dUPGaGFaLKX4nKc,female,152.5,47.0
33kQep-kt5ANgw-ZuhiXxYHHKj9EgooiTmgbFXAxp5M,female,162.5,57.8
qdsEw-Dvb_xmFa6q7s-GuqdxNzWLX7xR7e3PQfehp4o,female,166.5,56.4
ahT7MEennmiPiDIj0sLEf1_dsYkz2sNdiHVxaYAClRM,female,161.5,53.1
hlYBLwY-wUvLCWi6fGccF18xQgfPH6O55mBqbjlNjL0,female,159.0,55.4
W2V7D9jBYEP2HOxd90RBHhoOYhg7U2aijsvn1YJuWKA,female,164.3,55.0
ZhiRUMDjqw1Ngth9OVvEs3Ww5a0DePs8Red70zbdt8s,female,164.0,54.8
g9j8ZQyw5DBZuJAB5unfmqJDFczHNCsOvSMI1LdWaOU,female,172.0,60.2
4gzhVdluq4GEahFOrrRVLFhPRtaCNe6TRS0xydt5czg,female,158.5,51.2
XQPQgHelREBwnQgFtuYTglK4y1O-uOrnV_XD7c4OfoQ,female,164.0,58.6
AhtPy8eUpV2vcLu0n2Ml3Tli0oyLRJqXybWmMsm6i48,female,176.5,63.3
wI9uiIebpGwG8SPPz4OvQbeNmnjoo9usVaFVBmE77KQ,female,166.9,56.9
1-Z2ZgpojmGFUzkcCbcse4YJKzOIF6LNchJsfy6laU4,female,160.0,52.3
Y_xxkYPv18Sja73N2MQ0jDOxFRHMiZsTrIZ6t5xuiec,female,157.15,50.4
nMMHWDost2iUl31BLvWh4NSJXHyJYOwmCtahSJmyiSI,female,165.3,55.9
ls9fUnK1573pT7Fyf45tVpKpCusT2RsB8UyhMmloWSs,female,155.8,53.0
5rSctrSuzwYcwlosuroM6rtJGcvbPcxme9ZOuJwx2Ps,female,156.0,49.7
Mb3jqMAc-x1zRUhGxkpbGYT-zSWg4PPvzVTWtPamncU,female,165.25,55.9
tyssJGCMBYb9oc9HA0srm3Wn-pmvkuZcYOwGJZ-QTxU,female,159.0,55.1
okmi0_4jJE4x4oUzQGWqaUr7qAXVZmr0M0sWv-wRfCw,female,156.25,49.9
ARfS_g_SLShf-MC6iRRcqbVYLj8XcaIMC0f1HHttn1Q,female,165.0,59.1
wJ6EIiaq6fF357kTbqLVwrFTMl8jXk0rjW4MUbmJDX0,female,164.3,55.3
W3FOvAMFzRvX69f3yEiJx9I9ZfTBVn1258um2EFnZeQ,female,157.1,53.8
99rCWDsiu7BmmWXnf7NmjfD2FXdXJBHckHavK5uW9hM,female,159.5,55.4
gFbNzyPb2KlCUleWkbVt6EJPfHih0db8IM98FlbN3VU,female,175.0,62.5
6MP7BRnpZvShtyTR6BH1pHChF47m7ePY1qc1SVTzdOs,female,163.0,57.7
iZp1TSwjH76ryDe4NzXD3zZYZ_KDqkTP6MRqBLslvrI,female,153.15,51.1
9mPdGPLxTxIMgWJUqKBGAxM5MkQW1U-W4Lja23hvvwU,female,166.0,59.7
3aHFd4mFwyX39yx0F0TkXJ6UozmoLUnbf_Zlv7ARHAU,female,179.0,68.4
4ETJJKC9HNKcvTvC-u5DrkNO9ia7tsMZdnpvVuU2kmc,female,169.0,58.6
jdzOAe8rM_L8GfeiqwYr9xgWfIuoC7G6TmENCBf1xvU,female,164.8,55.8
8rXP3LvC1O-XRy-r_RvlCDR_6TSdtYQKaDfL3J8ZCsA,female,161.5,53.6
igR2UxyMOcZV8E2hxoVHsrJDwGEv4mOPcIYYL8kgCA0,female,167.9,57.9
eeu2YVfRnEjO9xiVJcnfdYoBq9PQnhywDYR6jE3iuWw,female,157.0,53.55
lUxLaupdCSzNw8q4fe14GroR2HfT3VHUrsgXRzrxlTo,female,156.5,53.2
dx4U9AbZLiHj6R0G_NVAZDWQyZYuhiR7AstECCFnlSs,female,160.5,55.85
FwAVG7nOPd6T1uCC4QKtEfaDCf9KzAoZatrGs55pMFY,female,149.7,50.4
IaTbCFs4sdnWmB8bXOiGcUq55LAW3OvrB4QCGvpVjMU,female,174.2,62.2
l5EVWtfrpHCHEhPFyIVQ4ukpQPaWTCD4A8xKKWVC_-0,female,167.45,57.7
OuqGc3iTumHR0ki5YB_FgsSlcIE4r70wUppri1uf9HI,female,163.2,57.6
srU1eubj5ULw4Y7MtBKwsu2tWtaUfME6nFF6iczt9hM,female,162.5,54.4
o8_091aPCfhmP8-DLu5nr5RXd-uGjUUZSX7Bqj-DcIA,female,170.4,62.4
mS42ublMqtTjVWM-sw8on9NbezTgnSeBQSqv7IXUOss,female,156.5,50.4
fXGd__IePZib86LwRbqUjSqYohYbZ0-AVQHIM-NVhI0,female,165.0,56.1
fvqectXDzHYCNvs7Qe0MbuYcppwMaAzkcNTbJlrVHDk,female,168.5,61.1
R1D_E6s-GP4mOhzN9yvgHcF-8vXl9GVKmbq1XL_g5_o,female,160.6,55.8
hmYxW39dKkjA6Un1wW5rzTdlT-pfUWyHwnAzQuDRZ5o,female,164.5,58.4
pencMfrIHPxVhUCSU46MG-GTnQQ2Wi7TADySsumy80E,female,167.5,60.4
bPt8_7wDTzCAdQrWWxgdyMntD60mmdc0K5qKNu8RR7o,female,162.2,56.8
vNlwWGtfiLjEZWc0BgWoeM6Bcbr6ZtdORMQSCuEovfI,female,165.75,59.15
vPGGI_Lz5wep4ejoZaE88tytVmP1T_qOEZNtcjmxwT4,female,164.2,58.1
taY0el3_XhjW7ijwqSr1qz5BLr32IGP4RnWVV54M6mw,female,161.2,53.7
kpJsMMDnIW0Iw7oC5zZySsWphjLg40e1PQodDo2j_1U,female,158.6,54.3
MyfWZFbdaoAyalT_KRfL_POdoeNK5jBv71Dq2iP2Kno,female,165.0,56.3
96LtCRgHuVdWN4VIvc2STyiKSLUPLDAQx5GcgbOQXgA,female,173.0,63.9
hT5OLBkxFGOwz0k5698gB1lUhTpIkc_vHyBA8Ca1iZY,female,174.5,64.9
WiLlmi5NWoSW3MbBNMNt7ZmBu-wivficyavg2i4ryhM,female,166.0,59.2
-gMnbkDTbXza9PMNAhyVL5xBmz4VZQU_7eNooMMvalk,female,182.0,69.9
4O8aBm6WqK4iZEWaVSE77na_BaO5FzaUWq8yTrb-hS4,female,171.5,60.7
59bc2765681516389ccf44f7,female,165.0,58.5
IkyccBea5QhAAGKh0beMSEPTd5dSn-mS0WrB89edmY8,female,175.5,63.4
9LOvmRMbqtYCq9Jtlup3dS7xmEidwjlTRwAFr489UF8,female,159.5,54.8
uc1Re61ht1q4VOQ-3zxfqpcHB5S6a9Xv5Sba5zlfCus,female,160.7,55.6
3O9btgqdy7RllKtquu5GJakJSzLCiZlK7mjps2nDB7s,female,167.4,58.0
H-BOQIk-p4BUA9aTSXwPPf32VpCrBRWxHaToTc0_oRQ,female,165.0,56.4
fNCOPEb3eRNLm061I1hzsThiLSHHdsN6CYo1mqmjxjI,female,158.5,54.1
_GgXggxtTZHMJaQ-QMqtKjHj-yhCTKV9t7B932Dp4Z8,female,159.6,54.8
TCrzWF7EcyvrBbCU3rIqA3vv-wkBBnFpBR-BXZGOqss,female,162.0,56.4
nNupwm_XMGtXuPI0XoKClyBSW0F_x8ghtyggcx0P4Z0,female,165.0,56.5
V0JG36keRQG-3TKu70Ld1BreyXf7fSPxXTO7VfH1cC0,female,169.7,59.65
1eyiZ_Rvz8UaYjXqcnoxSDSIOJNFEtE3wALP1pOVFWo,female,169.4,61.3
xrH6w3yGFfb_NKebLBvPplwbxT6R0LVLf5541a4hfN4,female,170.5,60.2
EiIlFN1kdDC4IuIIEaEOUsCL3sfvPUkvsRXER8kWg2k,female,174.5,62.9
EYCxG2aZTvf9mzPRA15QhSaxoXd_VJJ44jbWTwSYYbU,female,156.3,52.5
XPaYQ7o49xQ7tBIAY1re6nIrNvsp5F3Oej5tc1kjLFM,female,170.5,62.0
BIF35RoJ4W76JSB5HL0sgDi6obf_rKNkxKcIQjmIM5o,female,171.0,62.3
IN-FCi-cwCWmJlFjgaVL25Lo4ZIk7hTEURYDqRzBKEA,female,152.0,48.15
EHvGjGPbMe-9c5RQM9QVBebxCQhJ3r9Ic1RnQdCuS_o,female,164.0,57.6
LWmSj6WXNRmjBFn3XHudfNM3LZ2Jw0kSsv0naXOdIlg,female,175.0,63.3
ANcS9XoH2pvznx3fHddauqj8ZSRshkxtCyuPPA08d_I,female,161.4,54.2
XuM3SKR54GXLjDZVb4yyD5GBVte57nBqWiDbcZS2798,female,164.5,56.3
thTDLlx0MuTg3IqWfgAJQPPWksOt-6n3bnTpjJiuUrg,female,166.0,58.9
QVqq2Hw45tSfwmA9HO7AxeBnonmAaUIEM7yz8UnYktc,female,166.9,59.5
co0d6u57HACMwsmPG-Ijr-xDUrvpBRkEl3L_bIDrWHg,female,159.0,54.2
3NqXXy-rq13kLzqPJL253KQvUdWlJsQnuSd3Sd6RQSI,female,165.0,58.2
sm5DOefQNnBRCVEsUVAvSZyhkEMTrcTwh3hFc2m8v0s,female,158.8,54.05
5lqVSo7SYRUF4NpANtJ40yI1p40uN33TvH0k5kKXEG0,female,150.0,48.3
_qSLVGmt40QMbyc2-29BlaFANus9R6YhfQj7oZuMJo4,female,164.5,56.4
59bc2768681516389ccf4635,female,166.5,57.75
3DHVh6yH4O8Yxk5pCf44wqCFmoSfAeKW5YIorkkBRXU,female,165.5,57.1
59bc276b681516389ccf4772,female,163.75,57.25
VsiJfD1bRvlb7thKBwmHA0K49XJdQo13c8XIvacYLX8,female,165.2,58.2
gr1bdyPSd39J9DjfhT4jKHtLR5r4BEmLALNMf0_Kic4,female,161.5,54.5
X8KiU13fy-6-RBYbFhILEDl7ebVX3D4VGVVHBXmM9S4,female,157.9,52.1
59bc276e681516389ccf4871,female,156.5,51.2
h2KiedXPLm4R8tqzxd3t9Q8GE77z1QMHtQCQGObkMzs,female,153.5,49.2
zEfVsePe7jAH5Sp23gybvRDHGq88LOP8Yg8asBY2Dec,female,153.4,49.2
EDxCRFGEDIz3y0Po9KOn_bb2ehChgvksQ9rqfGDQ3no,female,164.1,57.3
v82IZNN3sKt0SWeSUQM7c4TOAsem_w9oplTgAyvo6qg,female,156.8,52.4
oTn7L_Kt7bdAz045HTeD7Y2ttCliS8s4ZEbzic1Uj7g,female,178.5,66.9
7KuyUFbS0pv7tYKNBOdclSFLnM8Ww3QycBqrLugWQ9I,female,166.0,58.5
n-Is4aWHtDfGrZqpwWVO7YjFIZx2yEw2oyt9J8kCks4,female,156.0,51.8
6GY7MGgcD8y0dG5ul2mm8JrMe4nkDDvvXu1ZejVL6L4,female,159.5,53.4
QsfW9r37rNEuvlI7R89pMY3WbI0itD-PML1D28QCAEg,female,159.5,54.1
59bc2765681516389ccf4503,female,157.1,51.8
eonoXwy9pT922SStHe7phTF9E1OmovMGwf4MRYSZ_gk,female,161.0,55.1
v1iwkawHa_mvcyShDuvDxHmLngn9qbkak_27bN022NA,female,171.25,61.95
ciLRduStcoRnAQ-__Qs6QLQWSGY8dxjjK1d0PyYwF-Q,female,160.5,54.1
Hy31xfPOxuoBInQX_sziauZLswjtbSy3-mVtPjcpt5c,female,173.75,63.6
wutFWbhih-orG3VCpSMZt-I-xZoTqfsFuJUDON0YUlE,female,164.5,57.4
lcbLSCufzIJ9vFTUNBi49vnsYb84DQiJlrX1v6a2wqw,female,152.0,49.3
3jslvtD5_LOEvSftuCbSHqqk_t9fVhzp4nGUwkS_ik8,female,165.8,57.7
BdFJ6S4lBl4736lPf9jCcvW62dG3MLjVe1wmgozKwfE,female,155.0,51.0
JcbwYfgh9SOZjvpMdR0ZJfhL21gnv7rVQ3obwyGPsSE,female,161.0,54.5
8UQcii6gOsAZ8HUKyvQSY4pNNig85oyG7YWf8Pv24rw,female,147.7,49.25
RZGVhoCaP47IHpVlPgcaB8_FpevNIj4qwzBE3mqIJ-s,female,173.1,63.1
BudSKCmehLTLYkcJ3Rqgwlytb6Y9zez4iFh-Qs0uz00,female,155.5,51.3
P8HjcpmrkvjCE8bRSLOeAp0dccbVIhGqff_ua4RKIac,female,167.75,59.05
9ZCT7eFSAxVn7Pk-q0U6mCUeQTkjVVgF9ULy7MVNiFA,female,160.0,53.9
Las9lyHX8ahvkOTjgNXmDsoVcfV_I00LIW5AiGjrD8U,female,165.0,57.6
6br0Uv77d13mO-1TaZ1tZfaabJ_I6d4wwTBKdXTJ5sA,female,164.6,57.0
fFrDCPtjMVOQo6lhZX1j8YB4DI96KbJWvHj9Cfql690,female,162.5,55.9
VXOk0Gz0hSa_xh-GNz2o_qnPXriyWKoOKiCJEktL79A,female,160.6,54.35
zrydWW1YldsSPK0Dey0YMyjPCF0jOvwBTfofxzTnNQI,female,164.6,57.3
D-00SIzv7YqJxQbnWSav0Mpc5tNuECWfkjuE5q4BuNM,female,159.0,53.3
ZNNtbFL7l2Nxk23nni_CIa9_I9rdkqxjtOCoGKRkQ9o,female,163.1,56.05
TKll-RyU4HX19igR4WPoDasfvSupSAHzE55GmliHne0,female,169.0,60.0
59bc2767681516389ccf45e0,female,172.05,62.2
c_RN0nF9LW71ZYJQnSp8mUN88GQlyQ_zc3QrUUqerRM,female,159.8,54.0
WkY6iDAhg3Eh1yJR8r8iqXHcB97FwlqYVc2al5-oTBU,female,171.5,61.8
5D0ey117hSU15IhFwv_AMoW12dWLH-hA78F27-tMvGk,female,161.5,55.1
CigWnxFs_t9NJNTzq7PMdcO6162RK6ETpwLtHG31qbE,female,164.5,57.1
59bc275c681516389ccf41bf,female,157.9,156.6
TszWqWftIyEOXwJ4495NROUPn2ui88j8RdJrMy5eFKk,female,171.5,150.7
59bc2758681516389ccf4071,female,159.05,131.1
59bc275a681516389ccf40d8,female,156.65,124.7
6DyKMxQrUO8OJstSulWISLqB6oXt3KWHnwMacXGfiDc,female,156.75,124.25
rp_bxD01AdOZy0FS06mBgDSM5Dl6OnRh8IhfyUTeY04,female,159.2,125.3
59bc275e681516389ccf4248,female,174.5,135.2
59bc275e681516389ccf422d,female,157.15,116.95
_x-J8YMlFxdNhTxS7CgWEVrwalRrh9fpCt0D-_22pq4,female,170.0,125.5
GldAW2Eejab3EXj8xHMXbKx3jWxkUD6SqNszUe1Kkvk,female,167.5,119.45
jco-xL-ojiou3JkQazEJeWXXRpdKr6vTUzyqMsHdXVc,female,162.55,115.8
JIDeRFzpDbcfojQQ6lmOZQMRkTWTOk7Pat0FtOpYyB4,female,178.1,124.1
59bc275c681516389ccf4171,female,158.75,109.7
BzT7pQ7_8gIZuqadGE7M2TJT_LmR--lXZRnZ6QKQl0k,female,170.5,115.7
qS2_LwZ498JjhCo8GH05WxJwGZ0obuoTjp3ZbGZEKWo,female,160.0,107.9
CvOfSHnVlyG0_I8VeK9Rs5VsGk0HaOAHI1evhHuIvTc,female,164.3,107.7
G0ilgccW_OJkq0lraQtSuT_anU-idRoxUedr96glmYI,female,170.8,112.0
59bc2765681516389ccf4551,female,161.4,104.8
CBrJEu7fU9HXJOmfRDmx9NjLqMjHBnhyyXhyR6aDYNY,female,158.3,102.7
59bc275c681516389ccf4180,female,160.3,103.4
zqMxSbvyEBwZg0jFcfMR1B9fAq86pFKwQuOQ_Kjz_Lo,female,156.0,100.4
L71qKO8OfKBmm1Z7R-XkSlh6-sUkbfN-36XlMGpabXw,female,169.5,108.8
SwdoheNdtbyXKHsPtVSV6G-OOC3MuPRGDwlN6zqYhLQ,female,174.5,111.9
qKH6FInPqriy3flix8U2ftN-0-jcGKl24kiwk9ZTZwM,female,165.5,103.3
XyC-42yzJtW5_oFycRwQAdJjJnXQZQdSdSqcwyv6NCA,female,172.5,107.4
BN5HI-Z_2P6YYrmnCnCxuMkNIK4gXS98XmLvD4GMLwM,female,156.5,96.5
5a1f033a9f17b800040cc7c4,female,164.8,101.8
59bc275d681516389ccf41ed,female,160.7,98.8
59bc275a681516389ccf40ff,female,163.75,100.65
59bc2764681516389ccf448d,female,156.0,95.4
TPVBpaYELi7ENqmqo8NHztlKE0bYPQNK8mflHJTIv_8,female,165.0,100.7
59bc275b681516389ccf415f,female,166.0,101.1
a-H1OgNxOqXwXvD_Jg-JNYDUgS-PMNt5pngm9qcmivg,female,164.0,99.2
59bc275d681516389ccf420b,female,153.5,91.6
aGPoP5addhEekZoCrreB0QhnZHUI2dhvKWwRvgrG38w,female,165.5,99.5
Ky_Za0ND8jBPfLFuDU32SxskrabV7a4v3m1vEZipuJE,female,159.7,95.5
59bc2758681516389ccf4064,female,182.2,109.5
QjnGzy-1LuyPq1STjAITAM5lIyPavydwCFsdj0JzYRA,female,155.0,91.2
d8IIxfYkAh0K6SNriZdI0YWz_6NhefE3nzvLfIMQqaQ,female,159.6,94.0
7sOceDDQu_x9GG3g_KIVn2YCJrZtZBVQmpZW3qSajEg,female,152.1,88.9
S15tQ15Us0X6SmjBk8n1rSFhgtMbZ3kSb8R-ABuo0ww,female,175.0,103.25
59bc2766681516389ccf4567,female,163.5,94.8
6JfuBS-duD_BLzV6gxsQjcPc7gv6mgQBTuNzdnp6gfA,female,159.0,87.2
6Xz1aGZP_g084xrBEy0UYJjzozZhj3G1wx_cFS9q-UM,female,163.0,81.45
hjG7-UJ-SuVAgiJ3WEgKdS2nc7fAwQ7iXJCP5oS9omg,female,169.0,84.2
7Grk1NNK3XYiCjt1lfobViSPIzrXCiOADVp7vvhCa_k,female,154.7,70.6
9T0rg9AnasRkTw_sUPRRI-9rcZNFxv71DT1dMqY8UGA,female,161.95,73.7
6PTzEsHtIS7BmBGKDa9YNJNB__vpQwsxFrKi3EF_d2Q,female,177.9,50.7
59bc2761681516389ccf438a,female,158.0,65.9
RiUtVC888GhxiPPvh_EVBY5JLaXi5qWWK94tkNVeHbY,female,168.05,72.2
NUDNE9WoUBzxlMEe1LQa4gz-xUGpIFbXnDs2eW3NJhI,female,182.55,79.7
95mZGlSSMrgK7GkSX_xfx_jAMlgsojYhlbOIhxdGoVE,female,167.45,69.5
Ukvlhaesp0m8DIMdAx9QT2HPOrNbrOsz88AuMsOveXc,female,166.95,69.05
DF_TvDglB-jDlNiMHqrOyzMLB4dvQwkwFp_WEpXc5Yg,female,167.85,68.9
Ajn0E-3juN47I6dkxaN3TiP_VVDioqI5OEBdFop48tI,female,165.9,65.4
pKKAZWxojdBbyA2c8wfgdxHnCNqVypehWNiBlKx-iLM,female,154.2,42.85
-JtWlHEvrLPWagPaAhm0eQ_UKMSg8By1yoe-SkdrKSs,female,160.9,61.95
an68KPiV2AF5miGBG1uFJ5V62AqEkVCvmv_4UhvMmk0,female,162.85,48.85
RdU37isT98Jr1e9DqgrjHCl5gBYI1lDJtt7n7QdhFr4,female,158.1,59.85
6xSAqvQy_Z-Us1pkj_VDz5A-AZaIveMqaVDT-zuO-nE,female,170.6,66.8
TlIG_3sXZLuH7T9nQMivDNnzJn4fFYQy1P0KqC3ldUQ,female,163.2,61.7
a0iE7PPHJxEy8GXFpMtwTdy5QNfOL8F8oB1XDoNi7jI,female,166.2,63.65
59bc2764681516389ccf44a5,female,167.5,64.1
fH5Ar9JCMOjv0J61UJlT-PnhGh6R2Z3xWHFldJ7I8a8,female,165.4,54.0
_HHaGa0t2JffDt5OlyfmnroNlgj2vxmp2_MlA7uarDU,female,169.5,56.85
JQdy-88z-nwoTsWK0MBddftPtzxSNC6pxN7Iel4oScQ,female,167.05,62.4
PIZ1cRaUw7gN2AHaIaE6UPVAnuAq-6LR04I9pkj6FLo,female,174.0,66.55
5a1c4633e7cb790004827642,female,158.0,50.05
pdCgKful2WPOp1lYfGfHxhfjqK0cHU5DxC-WsJHAqvc,female,174.2,61.0
59bc2763681516389ccf445b,female,163.8,59.2
59bc2766681516389ccf4570,female,165.1,59.6
59bc2760681516389ccf4304,female,146.4,47.4
59bc276f681516389ccf48d4,female,167.8,57.9
fKDrVNXxjZ9Y9A-iLCwppvYitS4zHXPB8Oa-W523kXQ,female,167.25,57.6
fUgWXoKIlc4DVwm0UIqSDLRA9WtjI5dhoo7OyzMvf2g,female,170.6,60.3
gfOnViSX9AGNiNRSILjuf5pri_P9P7f3ss5RgKIN364,female,154.45,49.55
SJ47wUVOSH7IsveBnaFMvOhunNN_vK-Q0JxKIYsBDBA,female,155.6,50.6
Emel-lHVBvlLuD5uIvHVc3k8-1jsv0Uad9NRjsjrkKQ,female,164.5,56.7
qR6MuUrdeXdoHbvy6y-uc78PRQe1wUvQ0AB2O80PIx8,female,165.45,57.4
59bc275f681516389ccf42ec,female,161.0,55.0
59bc275c681516389ccf41b9,female,172.5,111.5
59bc275a681516389ccf40e1,female,172.1,111.1
59bc2764681516389ccf44b8,female,175.55,106.05
ikt5hpg4u--nWYDSMAfZXOVZhhah-YtX7p6p7q8Hg6I,female,174.0,56.7
oMdk3OxkzuvOn1WINMez5L4rfCmYscyZlkWoMw3Y8J8,female,160.0,62.5
O5SXSso26InqB8u8nVz1HqKx_QfzDDR4OKZGAXYO878,female,154.8,77.4
o0zjtk8Whbm9Pf77k6cVPACb4bL6zCwFw0Byny04B-Y,female,155.1,50.1
OvyEaZuMCNilPx5t1XZqZZLSW-86CWI51q7cDZFHqCk,female,161.5,81.3
4QBR34Xt4joslUTlYKpR0cRqjd3xWW4r3-BQBDxTTzo,female,170.0,76.0
YIo9tBpN-5zvDMu_wB9S-wsjLnXi8iX2PrvTV67S0TQ,female,155.1,73.8
5pSIIWpKbkRc51xX68ZYZFe1n1nViHZm_2Cep8keaow,female,151.0,44.7
w1-o7ZTIxV1_Ny-2JD9HhO1vMWfa1rDq7m4tMKBb6is,female,168.5,72.8
59bc275b681516389ccf413e,female,162.0,106.4
SuHT4VFjz3c-u5kPENTxcyiiIfbmuY54LLExUy_fGm4,female,159.2,59.8
VvD4Ax4aSvkvxGqw-87OJhQBUwh1M8gRJ9hrT30tdig,female,162.0,68.0
Qoex7Nn4NUcDKndMUpAxaK3YZp3Ld53G5rXWai6ogBQ,female,162.0,48.8
vwclMeCf6yVTZohEHBar99joiWwKKky7-8CN5dqG86E,female,166.5,59.1
c2wRe4_1XQ8SgSyvdQ1q_3dSqL1z6UENXH7995g_JcM,female,156.0,57.9
C4eUasGyUmouxCn3dW_VQGEmcQZq2H1iQewpHcAnpY4,female,170.0,111.6
5TM9fQDmC20gmmXZuGLU0ucsepZRpx_SI-cW_afGpuk,female,171.0,104.7
59bc2765681516389ccf4506,female,165.9,71.6
_ovr03EQ9z5Yb7WgWcF-GvQ1NGf6WISE41AdeKpPUHA,female,162.5,64.8
w1S9C2SVqoRaq78o9aRcm2V2EQgZM8QKNKon8CGQlqw,female,165.0,55.0
Ylq97JrtAQT98-f2DO2SS8hFakH_M0wum2bLEq05Rts,female,166.5,66.0
nwAfc1j85ArcxylcM7R3QrbLOO7U9nq511DysV5fztA,female,170.6,63.5
v3ClQb9YrQhd827TorO4lK6E0tXA7FdnOJWrVrfLSWw,female,162.0,64.3
zCYO_1v9_1cSq5-zjqKoPweA8AOYYRDZaaggWwktp14,female,164.0,52.5
Wki2pz6WfQdOY9ksDG0Z-f2NId6V-bGffuo12oubG6Y,female,154.0,52.3
G_BvRqeilfd-QcsunGbp420g3hBQUozky4eae3q-aWU,female,167.2,55.1
YBu9EUNDHErCipT3oBRk0DJLU3ckB3du_10pnb_Bcto,female,156.0,47.6
0TB8jga-bvUKDzamFAMxKP2Wi5FZbz4CjoDbaJR5rL0,female,161.0,65.4
dvjGm4-TJHm2M9vd8Pz8yfzM6iMUytUB_WwBVu3oP6o,female,158.0,62.7
1AJevVtpMGE2aHjT-G-uV1tCgLvUtogrEeOXGtYr6lU,female,166.6,46.0
lj_E0rjQIchHtS8Fo5tbDSR2pwF0GWPTCc0wJxdz8Pk,female,148.9,79.1
ODuK-nE1GXeZcIl0NeN_jBxCzTMZpnBnOTcnOmFntOg,female,167.5,91.1
vzqB2fio0A12TbuTFf9yA1x4WXQ3iLVjrZGB48I1Fek,female,163.0,62.4
SIHAb6fgQDObq-GM6uTbh6snDvVmC0A2B-GKzkEUssI,female,163.5,96.1
mrJrmDWqztxtflUdZLjP22a4Zc3BmKrenkQbNvvUY48,female,167.64,81.6
mNmNJAO5YfrQkqGe_gEMVbmpSzq3NOffDz3VbzAfnbQ,female,159.2,57.1
1THGPmtU9KHCGD7ez1tG3OzJ8mhohHH54gB7AHMtZWE,female,157.0,63.6
PZChhSxVuyO9f5UK6WhnoQBCrQvCG0QpFcT8l26ygZY,female,157.5,50.1
IGrg9yndQwo4NQP8Y6-gMZOXHdE6vlEDIlS4G6baKPs,female,158.5,61.2
Vu3CEIT1WYp4K9S2HWJ3qzqZLWD4PST3jbsITykDpQU,female,158.5,51.7
cTfAPRBOZ-XM_N5yTgv5klsdslP7k3shffq5KzfSs3w,female,168.5,60.8
RBvdQf0N8v_cb7bIkfAnJ4-ePj2_0qzlApAcHXvDly0,female,179.8,65.7
BDQE9C49TtoYtPGOLcINdrufHgoGZpGuMUFJ_StZPMo,female,150.9,59.8
z-W3VNHWddUvT2Q6UkY1YWz4bFV3UGmxWW3dKksNMmY,female,163.2,47.2
bb50fznydqH1fgzmFijGcaLtYv0A7rthQQCCTGRlJU8,female,164.5,59.8
5xqxW4siwJ2JZjsvbGnX4hArqM9rUT1yaya6ceEmzBQ,female,163.0,54.0
GnIrZIVkkbdXzkDmCry74cxFi4LIWwl2S44x5a8_DKI,female,168.5,68.6
BES8fhGYi5ZlydfdUwF42mpmtZ_7LBx9QrQgIVXm9M0,female,167.1,76.6
Na63kNYZzrEHInX4Pld0pc-1FmUsWwHvzJI7w_Srtgc,female,148.6,61.8
QJfMd225tzMV8XFrpwqTEYK9xUXkIkXXVbtrtU6D2HM,female,155.0,60.4
uTY5FBgjLxijNJB_uG9Phgf0RqpZGA9waXkl3cUZZOU,female,155.7,85.7
yJUrBXGs72HhyPUsNfLJO5teaG5VR0-Wz-fCZW-L680,female,162.0,47.0
KLTrZbpVfBq8gREmwKKoefd9owIgDVeQsTFxMu210NY,female,163.0,81.5
17dftzvsFs0G2o7C68pLFPFXDCFUoq3Ly0JItV_LAxE,female,165.3,51.7
F6wa6igx2BT2MGn7VoI_6_P7iJ-Nwqb2kRl690PpyFc,female,155.7,50.2
dGkbbUHmDrosO26yS6FqQgUpR8McngfEQJrRtKnfnvg,female,159.5,56.7
w0K2f8Ydmh7_1N0VxeIBKUnmvETZCTouvGfziitms5Q,female,155.1,64.8
oN2-idLw7Rm54q36EAA_1Jt1wJ2xzi-EzFiKcIZaayE,female,163.5,59.1
B0WEf1gfS0toyENhLbi508wjdezEnB4VWUvueSUoYwg,female,155.1,60.3
cJhdSENkbMN0ZodggBK38f_kZJGZqkGPADVwcEohI8I,female,164.59,52.1
T5_1Ztx0qIBb3WNgY74c1ifECdjCEAQymJC7rNUFTQk,female,168.0,103.9
XbMFI5UdatecXydKy7zmrbNYVzDC0U5pFiTbcW1--V0,female,169.5,59.1
rbLZ3JoX6YEvQ_gQ5Byu4y_HfwlX7udlhLGZr5tDMAc,female,171.0,71.7
ADrQjvM6I-RSGe0_27H4bVrFMcLz3-ZgOX_iDb2D7Wc,female,169.0,125.0
cPc0TYYxwjT9EmZKXpwFPnjcFFeZTveIrwhAcTXKHFA,female,164.0,56.3
q08r7gS_ZvdJRTZ95a2G-2gWaLlDLF2zXWoG9uxP77E,female,145.0,50.0
K20rwey6FcUr2WrbkeJ87KkUW2q6L0-wgR6JT5iy-G4,female,159.0,61.7
oXJXeWQCkZ6XQPEADaiAImvFuO4e55ImBKrpZUlNqLc,female,160.5,50.5
cED5o2sIjQfsgJA9c6wvxhsUTnQz6ZoqcwJCmQjnhJs,female,169.0,94.7
KtiQ4nZ6b6n5IHWApFokgzkKfpj5MtzxGsOKBS2zwlQ,female,164.0,59.0
pSd0beSmYvV1UqS-Fj0IG1DyKzuQ7nlB5O_2BvotvX4,female,169.8,63.8
vH4d2L_hLSPylpEzrjN_HUFZ4eJEeJosXMfbaM-5lsk,female,167.6,62.5
hMKcIQojYeupT1_PWjV6XDlmsn_7mNWQmRChPzjIJcg,female,171.5,63.1
hX65CmXWMoDEXceked4Bz4ft0eujzDmHJMUM8TcVvdo,female,164.6,89.4
nY_tYlRMcPO6BiPSsGT7U7CVrJwG98ZfVdZuj-Xj0s8,female,163.5,58.7
DkMNvQQUXi62EQtW1lBt3tXvl-Jmg8M1-aBUYc6z1vc,female,152.6,55.3
WgNsALoT75d8UikD0pyojUzeliyP0cG_O8JvuDf6Byw,female,165.5,61.3
qonjbwPDaE7YGZe6LpVQJSuWiZ-n3ttgMF3mNrqoKx4,female,177.0,49.1
Y1VSDdyurSCt7P0e4BqTrw0C6w-BJdWDXjCnDF_ba3M,female,161.0,71.1
Z7Y5H8Rs3VwpYnrh_ldrvbf7YQsSmG6JuaeOjQP96zE,female,172.5,56.2
26gnWpM3ws3ugDnBWRUn014NPtZIw28y1W6lZHSpRk4,female,165.5,60.6
ylbrWq_zykq1nB1Ru7nrQQ5CRnVtK4551CECb51_Pzk,female,156.5,51.7
XAfhSHKVLh1TufsAmAgv7vKa7lmbjgXwP90BMR0za2Y,female,173.7,130.1
qzBByobQQSjIWJl4xB_8P8RdEXgdoa1N429Qk6rmOzw,female,163.7,44.7
wKgllBySGRgqwQEV0Ty5QLsq45EviD8GB1ssvdbrpFM,female,172.0,75.5
Y4e2uNX2mIJuMc8kJ-D3b3HgQehD6dXSBwqCeGMjB6k,female,167.6,56.6
bRUIY6tfqp0SRzqphFRQ0wV5IG7CaVsT6USBUip-3xU,female,161.5,62.0
q6ig-2R6NfsMqvwKFixtgth6Vr2OE2s_MBsJR_a_7QA,female,172.0,50.8
_Gqw-g6nwnBszeu-RoTbJOpr51jf7a4nPhWYHGBO3j0,female,159.5,80.4
sz5sjW6rK1Gay3i2X85fGHu0FYbSh7b8q9BcKNpMq4k,female,164.5,56.2
rF5hMzRNGQQd2t2NMAdPO0puaVfSbW4WLllam0oItto,female,173.7,58.0
VdspwHpdezYz_ZH-2zjnQS37EeaVEWdgicBUYk-U6CM,female,161.3,47.8
pCtBcyQpIqGHleYiYqjTjmAMDTnblvQxDCuAOhgDCpo,female,166.0,72.7
9EaimZrRMF80lcFWZgOgL10d8T21DT0ZJ5fWTxjNYbo,female,155.0,94.9
TlIG_3sXZLuH7T9nQMivDNnzJn4fFYQy1P0KqC3ldUQ,female,168.0,62.0
N8lTUHTD3JXcIQtTMNKhmzLBPajzI8tqLo1uJUVy_18,female,164.5,60.0
hdX0tCobySqi8hLYy8c_K22HD7YBC97Hx2wkqA0MrF4,female,162.6,57.8
5TJEjrEATRi6qua4FW3KsC9a34Nf2JWV572lOKqWItU,female,163.5,55.7
OMKVe2JAZ7Omn-5otiXCiiYPbwdWDvNXUHHhEkTKN3Y,female,166.0,83.3
59bc275b681516389ccf4138,female,162.0,78.0
euYIzweveWQR2YkbEJBkSeRsOXNjePkXxNQdCHVc72Q,female,170.0,90.0
I7T7u9B89_G9v5RY380Q3n7yaScyr6KVXploESnm1jE,female,168.0,62.4
fVpAG_A95WbhNPXy_ucAI8OZav8gPuR3XNf_g_fvtRU,female,155.4,54.4
uAaeY5FmyJfEpMHU7YWHwciwCnSDkykg-eN2dn3mgEU,female,169.0,61.09
ywxDJa9T9e9-ISArokH6itc4fwDRTCLuOHLZzOS2Tgg,female,153.5,44.8
0PghUpgAgKJiVgHZpWydh6WqIYKYTlzV-5QR7eSR318,female,155.5,49.8
qFzAW1qkXMC0OZfRr7LfqyUx7Rea3XaF3s4OyyAW_Ss,female,155.5,50.3
xxc-j-QEiwIlUhhugmK30VWxX8bhUMSvtoo7vpST4Nk,female,161.5,64.8
Sv7G5bjjzfSMgaP9mI0t7tlPxz2_X_XHR2pHH5PfgIw,female,174.1,70.4
FNC89HJ3V08ITqMLZJpnLnYKgpUrhFt-bf3l7lmlXCg,female,160.8,62.4
0ix2B0qPwwgPAyBJM88yn6Wkhl6oLxhlUGOkN8jpt9c,female,149.86,49.44
evD97JVk2hX0oa09ckL0at05ZUtRrlBG_ynLaE-qJAI,female,170.3,58.1
6hDHPg9Gl4xq_yiwOERDmD9yYMRDLE9zTuXC3-G82fo,female,161.0,64.5
EAWw2QfMPSiBeTdY3qxp7D4IFYFNzY8JgfekYkA8xMc,female,157.6,66.8
tGS2BVEi9Qo6wt-O3AYsb5-CTHP-rcDKjsgQTKvBLd0,female,160.5,54.2
8VDPJXsMB2HMFf8Q86E8ZD9Lc-r4VjBM8Dh5XMLe1iI,female,167.0,102.8
v1lTWJL_fmILp-MVCJP95ti6NQ6HMkF3JDH_4LhCWa0,female,160.0,63.1
Cnx_3RZkrvCxS-9dQAN635WAesZY1gjRST5V7FYWUS8,female,147.0,48.6
0RRTDLueddykSM_-MbQYeCfx43VR1uf19kN8n6L7sJA,female,164.0,77.3
6NGuzk2gwsmfRtM6l2BslVzfLrLy6eGSfWYT9cJ5ZH8,female,157.5,84.7
C_wJrNOhIWpaja4ncvdVenf51_qIKag-7RRYByEfvrg,female,151.5,57.1
KSnPLyfQjUzB3cWfhOb3cD-qbINpzoWJLe2A_lNbx9M,female,156.4,50.4
sKLS3PYRYIwRlNcVaVcyt5PFfFFxwXUV67O704IvTkk,female,152.5,55.0
oltX4f-GEqRvJbjI2lsfXavAV39ZVaGlHOsn9S8Jdjw,female,158.0,50.6
pPrKlT41Yvd82NOaN31WwdTZwVaTuDttLgy6FmMzRAM,female,164.5,125.7
keIXnzG2_SICqPzhM1RpNigNR2A483pLl3s2E0CGNWc,female,161.3,68.4
ukeiRGOQVbel106MYzhFhhyhE3iWMsb6ShJdu9avS14,female,155.1,52.9
0QW7SNzqmRooRGXql2nRJG5HmfgDtvxaxDcovjh9DRQ,female,163.5,59.3
5NEY_5lj3LQcxtHNYCjcqS5vMJ8okWrt2PkRbl8SWfs,female,158.6,44.5
vkFxfhTE30mCmnR67HYRg68RqO8ijppJdNDL9bVf05g,female,160.0,65.3
FlJ6-rg-jFweEckuyjjAv8WKCUezmttg_udsSCjFXdg,female,160.0,56.1
85pSx8BihvIFzHAXyo4UIMehELIu_6AmakzM7CzmVHc,female,160.0,68.0
vpjLNAha8VZXB2W0_4xNRPpNwYXjGJpj_nTPzMENOao,female,166.0,77.4
WY-foI1UM6dkA9wWSrOccAMQVbZAC2ay-PY6HNyK3LY,female,165.5,131.5
d9tIaDZjr8t9DJAstEk0Tx373Ni-r80URAlZkLsDGr8,female,154.0,43.8
aaPAdgM3VmDUi5EFGFCWcT-uycp-3pjO77w937DNDZg,female,168.0,74.1
59bc275b681516389ccf4162,female,164.0,127.9
ela3K7d9qiwzugqKZNlQXf8SKGvTCYN9Uwoj6RdRDBk,female,156.0,60.4
VJZOdVq5nG7XxV9OSj6ZJ90OTwNMAM_rdMZw4vpw0T0,female,171.0,66.3
9WqMFHDk2TR3-oEDL4YXL_OKUh8OpOnILG4cBw6JBdo,female,163.5,52.3
W1DhwegBSvAsBraLd1PNtjIcXFSHpIyVr7-PrEKV6BA,female,158.0,60.6
U--TFVlYwMGzYt80Abyn0wB99EwmbY0gcga35WEQ1fI,female,161.5,58.3
uf08nHj8NW5bU1jKEJqScNvFUONolbU1e2GOkQbJx4E,female,157.0,59.6
NstLEdWIquRPVL4FtyjfQu5cMWSx_896oZSU_6cMdr0,female,164.0,78.9
59bc276e681516389ccf486b,female,166.5,57.1
59bc276f681516389ccf48b0,female,159.8,51.7
K7M5hwCYRUP6JUGRu6Aw1aFFUr8hxcc2HfxvINNgM-Q,female,160.5,96.7
g5dXQOee9z0ycjenYwpludqK5JBLEXxA3VAPP7S9jj4,female,162.5,77.9
k1pRntj05Wsoev_SLDOZ1d6T3f6RuQxx3HxHNuy0Dck,female,161.0,78.4
SkGkB_nxSWIrR1nPm021UAlPqKb-hUSVnqNxf5DZiSo,female,168.0,62.8
p4x9jFL_gMbiDN8z3NIPNVSla2s9y6SEnQh8Z3d2-tU,female,170.6,106.5
JpAYFyDkWKxxJ_CEJLW7J6pAHNDENq07_NSFgTN2K4E,female,152.0,49.8
jpCMhSbmRPNpbDdZdI7hZd8Y9av7i5cn29ylTCJHxfQ,female,165.5,63.3
PMRjxBjzHBVxfATw1fX5GG8Ksyp_7BkqdyWaDvho-tc,female,149.0,44.9
UGy_sdIHzARXHIDtWBw_lKvsTzj4WHcobmnJRQ2uiw8,female,162.0,64.9
b8lbSlmABHQ3WjdWXt7FDitnjCHBSkUz42oLXRqu_DU,female,160.0,53.6
rVgKz6uA6gO8wmtxkY8oU3Fe3k6OHDOAhAPbGVpY32A,female,167.6,54.4
qY9aOKuirc4g-3LxZYZYvrZcKyGaf2iX2SQOQPoVdmg,female,164.5,67.0
DL_WAdynzJel4FVSUAOJqQAjVrOc_Me8LZa4al2ZqXE,female,167.0,60.2
f5nHfVaq9zhTSzegIjT27PK43lmiUeYo9CKJ4xLmsMI,female,167.6,50.8
KGzJCosVL4DMUh9g-nEl4D_7TwPBCQ6hipd87aOxtWw,female,158.5,62.0
CE5PaY-_MjLeFzqHc1WwCbJjCAM4xva20sWN7MPPLmc,female,154.5,56.3
V2eo5TFgvj4wj5oyVrzB7-vwmswZEwWz762-XuRfzls,female,174.6,69.4
489HgtmBtqFJ9c4i5YSmS5RcbGxfg0kUD5him8uUE1E,female,158.4,92.0
NU781sAsq4b4CtVf1wqf-ivPX0wwDn64WJUL1ZCkTQg,female,172.0,121.3
N1iLWrIpDkxDyjcZb-It95lRyaa962Zzwqavgsp_yGs,female,173.0,65.0
MtUohvFgj2NX2MFhcLamQ_bJz5fOGfdVJgCD1vdI53s,female,152.0,49.6
I5GFuCtUHboX3aGbon_rYuCPxc8wyUZohwvvPB24j-s,female,155.6,53.9
ndQmIqL9tdnNKKZzeQPLHaG1oLf1UBIIF3I1sHvWExY,female,146.4,49.3
TpKPp47HoA807XrETDbC9bDhKoirCmnJfVT6yE3R9Vc,female,163.2,55.1
Xu8qHbFzez_Bykc_DlvQg73scmKM7BHKkxhQy2CtNa8,female,163.0,61.2
4qlqgGEPnbkySuq_MAHB1dC_t_ltqTgeKo0e4FPSxH4,female,155.5,43.8
petaqFJr80kYQwcULgKLBZM751R31wsHcdxSrjGvw6M,female,160.2,70.1
U5odvYdNQNabJPINniKdxmribHCOH4UXSBixAe_Qe-o,female,153.5,44.4
D00-s_iSFJTuoiceXOtt6DfE-ozZOtePxcy-kZQFrNQ,female,166.0,61.7
rHuEAA6EHJt4hz3VfhWpBrqR1lsecV8IHbeZXuBSTtI,female,164.3,53.9
K9VX6X7rI2rZvdTu2gLntz3QJ8U6uNnUKcXmt5R5lYg,female,166.5,64.3
jX5uELDMPHB1r9RnA1o3R_JNVNaViHpbmIxAH3v8DnA,female,165.7,54.4
kmHT8QMfCU_tKs4IRz_HopuquzIQN4F8iJrv9uixchc,female,169.0,54.8
PsPb1_Y-xHLFmJ77Eu31HDfArlxoAzSN0v53MQA_Sik,female,164.5,82.6
3lqFXTxm9s3cltziV-MU0Ru7SIFr1crgfkpYlty3_8o,female,164.5,61.2
jw4ADW38_ehDYm6YP4yV6se4PZRG9nDgWz9ceUwyIsU,female,158.6,52.9
kXcmuWtWua9QBmggl8WinzOTK699TzhEB-Ppwb7FjV4,female,161.5,54.7
6VGAL0i8H2arwCCu7CK2I_kAVbQY7zFp2qeIRIekL7Q,female,169.5,72.1
ZMVjJy1LazGLdP6feEfT8MWqpNBvw0_G0GfNsbwqvrQ,female,154.0,88.4
sp4sZkTs3ceVv3gizbv3lD2PSQvkQjerP2VFEZ9Vi1Q,female,161.6,93.2
2aJQIOdBbvgYWOXDRTI8J1oInWp27begNBGx8LNRYGo,female,156.5,64.2
sViq7Zrbp5qpdGZk0ZgTOX6s0Cpid5L1D4uNRseSxII,female,154.0,60.4
c2CHx2YHCJjx_nf5thSriGeQUY8GJL5Qzy-f9018xIQ,female,152.0,43.4
4PHz7YSvqsSLBdU2XPf7lh9ORQC-0B-dukLIG4PxS48,female,157.5,54.7
AaEqTg39qkCJ41BcJeiby0-CYzNz0luCsYgL_JvdEoE,female,155.4,74.8
EVXFFYf95mgXGg2zze_8SymNla9zM3xx-GqGqfyFFb8,female,163.0,68.6
Yjvw2sx9u1J7SBbPbOvbiVLlAHgxoTTgLIkcRBRYkfQ,female,165.1,70.4
ZtCB_Rlk9ClRlA24anmshJc-yi3MsBm3w7IiD9hO3SI,female,156.5,61.2
n3jnfpTNc_uE4yo22sGNY67Ha74tyA4DPSJNMBEGVlQ,female,156.0,48.07
LIYKBlhyjwMidV3G3uol5s3JXNimymtR5lma4KThWks,female,170.0,63.3
4ILmdGi7cOtZv6qiQ6TnehCUU3OOI6M3K4S-c7Ir-LA,female,164.5,57.5
O-WUYdJIDRNO9f1P-24DLIndqZa-IExQTRgKGbnXvqU,female,158.2,50.4
Wyojww01j4Ki2Kcz0Ejp2wlLV-J9WXgnsLZJQI6PTTA,female,155.5,57.9
ExlRs_DoqMdlnIhGWQ9PhyD--VGy4HPJuslo4_u1F3w,female,155.0,59.6
UjdkaKfwVBHiRzjusSnW42fMvC05bsrSFp5KPnZ6tvM,female,168.0,71.7
QRGlgUXKL5x0xOqFjD71FrwBg1ewMY1fF0nPMB_7fYA,female,162.5,55.8
2FXVWCFPSgSqnTSjOif2Z8s7GaRfe0GaD9eJfktnGkU,female,161.5,88.1
_OwGY4b-GDYGS_ItNTmO1Pe7iffOPxQYXfOA_PwArrw,female,168.5,71.7
LMRhpdER4a5mtfAkWkcGi_5Lltr_Y5-yKRlYKKsRv6I,female,162.5,53.4
_zFbooQZB3_hn2xiodGKyOwLG3NDhLQoFdaVQGCFngQ,female,169.2,63.6
q1FueQkgYQ_wcgSXzw-rr9w_CFhDtWcO81iyWO-wrK8,female,158.0,56.4
S96FNXGFNwHK6maWsuqxSSV7ZuiROU8ugIViJYxc98c,female,165.2,47.6
WL-KMPCuuVLSa3mJyiNXnGTHvoygZEl4u0URI5DWULc,female,171.0,127.0
I6SMIUIACvpEJpx63AVVaj4tKdJbsw9DpyWK2r94GgQ,female,155.5,60.4
MCJTwdYUwGWP_9q1M5VWBDMCn-wpAkoXchzv1piAsmI,female,173.0,69.8
Eju1_wRfN5KKQP0Ca-VPlDx0iit-xJ3wxH7EM-Xs8NY,female,164.0,54.0
FJiz276i4gOtso-HxLnNh6aeMv-pmOYV-u_40s_tuRE,female,168.0,56.8
URsAqyO4RDQ-SlMDOJ-GlD0OVoCh256Pf_XYtIJHoU4,female,154.5,50.1
9UFHG00TNhVCbt815jL-xCLVUPEuUdDO0yHBPjYoAVk,female,168.0,75.7
gbOA_pKwN8NQJzx8oh_wTCbJ5I2qdFvMEHX13gffEQs,female,166.0,49.8
ciQGNWqXFbUG0X0oOCSQdOG_LNhPYJP1CoiUAonmYPU,female,164.0,70.1
8U4gOvl_8Vxtl_z4R0vCzHlP1yh_zQy3P5UqpXbZYTY,female,159.0,49.5
d5H9abc2bG5ZGZwxq-6RviKO0P_gHhZ7Gv5-mMc7F4s,female,162.0,56.4
ybQWJXvc-zx1kYtlTwfSChUBV95bO34weqngDFBl7zc,female,159.5,56.0
sT2J6ZYhZch-m0azKHNV9fPVY0GSLEo6mG1oYy7Dwbo,female,165.5,63.3
CdGmN49IuFUblUTnOUmDraKKgTn3eC0SpJajr6qRfVQ,female,152.4,43.9
tCOAShvXLzKE13qSmwOsQgb1JzpZczOVK0mCgCHtd6U,female,152.0,46.7
RJ8cPrCV1zY7oR0FsOf7SisLFKl8GQr6SFHuGHEm_5A,female,168.5,63.4
l2MmaBYj5jHK-6izflgKdfQJ9VfeMtM4zw5bXMjUpwY,female,175.5,52.1
EyXlLXKS0K0XLKpbVUaBdR7e1G8xVRSc63G42DqViwU,female,163.0,55.4
s73uwxdvhJuFb0X_OsdUA1BhMk5gx4RmzNw0cwy_2Fw,female,169.0,71.3
YJiHDNNjFmbhily1zzbtnGUxVk5sFHRBOjDZQvjvyl0,female,152.5,45.0
OOii9fHGTjHrKyuFhsKUyvSFSRDN4ebpt-yR6gK7Uh8,female,166.0,76.0
enh8WbWz9Ol669Z5u-vLDF820m2dn9iICA9_z6jl_lQ,female,179.0,55.0
59bc2765681516389ccf4548,female,179.0,70.0
a-IOPcy2snxGm88ScUOW_E3XEkvO91NNKnSQuXnfacU,female,155.0,58.0
GOxxOMY0zUtqmNpuxACcwgm1UTpoSUExzmfLn0DEpkA,female,159.0,52.9
YOYBXyWsvE4tz70F1ntjKROmaAlKpRaatGCpWE-cHwQ,female,173.0,53.4
GcgfIRxHFeGgadhpsTw7a5bhm_K3rxDKn8uBDytZ9p0,female,173.3,103.7
pozisiuLWWhbGu0knoxSdfwUaXBHDLyJdOqiTLAlzOM,female,166.0,120.6
cvDF05jdSdIyiAp3A7bMnxg2KZ0zwUksDXYsLW1w2NY,female,167.64,74.8
IefaN1ApNHVmqq0lHr9A-pcgxk-ZdPO6DZriRK-C1JU,female,161.3,60.7
40jyjsY-6305fXhV2zgB2kzDoJ-oAOiEJFzFgPsHaXU,female,164.0,54.0
L77kDhnDEsZqD-2UeLtToNYBTRey8gI5X_q5jXNgkt8,female,165.0,117.5
IRRl47RhJx43fBiKc_DSNTeLOQhCIkhwr-_xQPBqzyU,female,160.0,60.0
UNxDQmJU62GSnqUfq7T1Bj958mAkGW0elwAyhsoj4pk,female,171.5,81.7
hsn4SIwxi7Oq1tU7M81Nc-7QDHznAaiTln5Jz04SeD4,female,169.0,54.5
